Hole Depth,True Vertical Depth,Rate Of Penetration,Convertible Torque,YYYY/MM/DD,HH:MM:SS,Memos
10.00,14.8,405.46,683,2021/10/08,13:12:39,Smart Alarms: On,HOLE DEPTH HAS BEEN CHANGED TO .00 FEET TOTAL STROKES HAS BEEN RESET TO ZERO,Smart Alarms: Off,ZWOB FROM Rig Display Drilling ZDIFF FROM Rig Display Drilling,ZWOB FROM Rig Display Drilling WHILE ON BOTTOM ZDIFF FROM Rig Display Drilling WHILE ON BOTTOM
20.00,24.8,92.00,2089,2021/10/08,13:20:42,
30.00,34.8,91.97,1736,2021/10/08,13:28:49,MW IN 8.4,ZWOB FROM Rig Display Drilling ZDIFF FROM Rig Display Drilling,ZWOB FROM Rig Display Drilling ZDIFF FROM Rig Display Drilling
40.00,44.8,137.41,2101,2021/10/08,13:43:59,
50.00,54.8,137.38,2567,2021/10/08,13:48:31,
60.00,64.0,146.48,2480,2021/10/08,13:52:34,
70.00,-999.25,-999.25,-999.25,2021/10/08,13:52:34,HOLE DEPTH CHANGED TO 270.0 FEET,BIT DEPTH CHANGED TO 267.0 FEET,ZWOB FROM Rig Display Drilling ZDIFF FROM Rig Display Drilling
80.00,84.8,175.04,2269,2021/10/08,14:01:50,
90.00,94.8,213.69,2336,2021/10/08,14:04:56,
100.00,104.8,213.99,3542,2021/10/08,14:07:50,ZWOB FROM Rig Display Drilling ZDIFF FROM Rig Display Drilling
110.00,114.8,214.19,2628,2021/10/08,14:18:30,
120.00,124.8,277.00,2998,2021/10/08,14:20:56,
130.00,134.8,305.88,3609,2021/10/08,14:23:02,ZWOB FROM Rig Display Drilling ZDIFF FROM Rig Display Drilling
140.00,144.8,305.53,2907,2021/10/08,14:32:18,
150.00,154.8,335.64,3251,2021/10/08,14:34:17,
160.00,164.8,360.93,3497,2021/10/08,14:36:02,ZWOB FROM Rig Display Drilling ZDIFF FROM Rig Display Drilling,PUMPING SWEEP
170.00,174.8,362.05,2967,2021/10/08,14:45:56,
180.00,184.8,435.06,3687,2021/10/08,14:47:27,
190.00,194.8,467.85,5067,2021/10/08,14:48:53,
200.00,204.8,459.25,3601,2021/10/08,14:57:55,
210.00,214.8,544.64,5274,2021/10/08,14:59:05,
220.00,224.8,563.06,5051,2021/10/08,15:06:51,
230.00,234.8,453.27,4116,2021/10/08,15:08:35,
240.00,244.8,553.49,4900,2021/10/08,15:09:44,ZWOB FROM Rig Display Drilling ZDIFF FROM Rig Display Drilling
250.00,254.8,564.38,5230,2021/10/08,15:17:05,MW IN 8.5
260.00,264.8,538.25,4008,2021/10/08,15:18:31,
270.00,274.8,608.95,5713,2021/10/08,15:19:32,
280.00,284.8,611.32,4484,2021/10/08,15:26:31,
290.00,294.8,545.55,5143,2021/10/08,15:27:45,
300.00,304.8,549.19,5467,2021/10/08,15:28:51,PUMPING SWEEP
310.00,314.8,544.51,4448,2021/10/08,15:36:46,
320.00,324.8,519.56,4961,2021/10/08,15:38:03,
330.00,334.8,579.99,4775,2021/10/08,15:39:07,IN TALLY: HOLE DEPTH SET TO 1114.2
340.00,344.8,581.65,3114,2021/10/08,15:50:16,
350.00,354.8,439.25,3751,2021/10/08,15:53:27,
360.00,364.8,579.90,6155,2021/10/08,15:54:32,
370.00,374.8,580.25,3082,2021/10/08,16:05:13,
380.00,384.8,413.31,2612,2021/10/08,16:08:50,
390.00,394.8,503.80,5331,2021/10/08,16:10:32,
400.00,404.8,456.50,2801,2021/10/08,16:22:20,PUMPING SWEEP
410.00,414.7,455.27,4768,2021/10/08,16:25:06,
420.00,424.7,457.11,5860,2021/10/08,16:26:31,MW IN 8.5,IN TALLY: HOLE DEPTH SET TO 1396.3
430.00,434.7,152.99,2420,2021/10/08,16:39:05,
440.00,444.7,442.75,6204,2021/10/08,16:40:41,
450.00,454.6,385.41,5151,2021/10/08,16:50:12,
460.00,464.6,183.34,1886,2021/10/08,16:55:50,
470.00,474.6,460.64,6523,2021/10/08,16:57:21,
480.00,484.5,402.13,5962,2021/10/08,17:06:02,
490.00,494.5,271.43,3058,2021/10/08,17:11:45,
500.00,504.4,438.12,5858,2021/10/08,17:13:17,PUMPING SWEEP
510.00,514.4,450.73,5757,2021/10/08,17:22:02,
520.00,524.3,274.69,3053,2021/10/08,17:28:15,
530.00,534.3,336.23,6175,2021/10/08,17:30:25,PUMPING SWEEP,ZWOB FROM Rig Display Drilling ZDIFF FROM Rig Display Drilling
540.00,544.2,360.27,4620,2021/10/08,17:40:34,
550.00,554.2,359.49,2921,2021/10/08,17:51:55,
560.00,564.1,486.89,8361,2021/10/08,17:53:20,ZWOB FROM Rig Display Drilling WHILE ON BOTTOM
570.00,574.0,377.77,3521,2021/10/08,18:24:25,
580.00,583.9,297.11,4331,2021/10/08,18:26:44,
590.00,593.9,344.70,5134,2021/10/08,18:28:42,
600.00,603.8,372.34,5727,2021/10/08,18:38:42,PUMPING SWEEP
610.00,613.7,164.13,2465,2021/10/08,18:44:59,
620.00,623.6,374.03,7253,2021/10/08,18:51:22,
630.00,633.5,367.14,5910,2021/10/08,18:54:05,
640.00,643.3,433.56,8115,2021/10/08,18:55:30,
650.00,653.2,433.12,7963,2021/10/08,19:02:48,
660.00,663.1,82.14,2138,2021/10/08,19:12:31,
670.00,672.9,368.35,7919,2021/10/08,19:14:27,
680.00,682.8,369.56,7099,2021/10/08,19:21:34,
690.00,692.6,497.01,5657,2021/10/08,19:22:54,PUMPING SWEEP
700.00,702.5,504.34,8732,2021/10/08,19:24:25,
710.00,712.3,376.22,4947,2021/10/08,19:31:18,
720.00,722.2,413.60,7352,2021/10/08,19:32:48,
730.00,732.0,444.75,8311,2021/10/08,19:34:10,
740.00,741.9,445.45,8279,2021/10/08,19:41:35,
750.00,751.8,341.89,9657,2021/10/08,19:43:25,
760.00,761.6,342.87,8863,2021/10/08,19:45:16,PUMPING SWEEP
770.00,771.5,339.95,4490,2021/10/08,19:58:25,
780.00,781.3,366.42,5624,2021/10/08,20:05:10,
790.00,791.2,366.50,8810,2021/10/08,20:07:20,ZWOB FROM Rig Display Drilling
800.00,801.0,311.46,7995,2021/10/08,20:16:35,
810.00,810.8,269.07,7535,2021/10/08,20:19:17,
820.00,820.7,264.09,7838,2021/10/08,20:21:41,ZWOB FROM Rig Display Drilling
830.00,830.5,260.43,6525,2021/10/08,20:29:24,
840.00,840.4,260.48,6654,2021/10/08,20:32:56,
850.00,850.3,214.84,6222,2021/10/08,20:40:21,
860.00,860.1,253.95,7574,2021/10/08,20:43:40,
870.00,870.0,214.75,7162,2021/10/08,20:46:28,
880.00,879.8,246.40,6732,2021/10/08,20:54:53,
890.00,889.7,219.85,6525,2021/10/08,20:57:49,
900.00,899.5,243.47,6634,2021/10/08,21:00:57,
910.00,909.4,221.47,5654,2021/10/08,21:08:55,PUMPING SWEEP,PUMPING SWEEP,BIT DEPTH CHANGED TO 1276.0 FEET,BIT DEPTH CHANGED TO 3007.0 FEET,CASING VALVE CLOSED,BIT DEPTH CHANGED TO 0.0 FEET,CHECK C.O.M,11,12,BIT DEPTH CHANGED TO 2103.1 FEET,INSTALL AGITATOR,FILL PIPE,PVT: Flow 1 high-low alarm has been enabled,PVT: Flow 1 pumps off alarm has been enabled,PVT: Alarms unmuted PVT: Volume Alarm snooze Stopped,PULL TRIP NIPPLE INSTALL ROTATING HEAD,BIT DEPTH CHANGED TO 2853.8 FEET,ZWOB FROM Rig Display Drilling,ZDIFF FROM Rig Display Drilling,OUT 9.0,IN 9.1 DIESEL 2 SEC/QT,PVT: Volume Alarm snooze Started,IN 9.1,PVT: Volume Alarm snooze Expired,OUT 9.0,OUT 9.0,IN 9.1,PVT: Volume Alarm snooze Started,PVT: Volume Alarm snooze Expired,XFER F/FRAC T/ACT,ZWOB FROM Rig Display Drilling ZDIFF FROM Rig Display Drilling,OUT 8.9,IN 8.8,M.W IN/OUT 8.8,PVT: Volume Alarm snooze Started,PVT: Volume Alarm snooze Expired,PVT: Volume Alarm snooze Started,PVT: Volume Alarm snooze Expired,PVT: Alarms muted,PVT: Volume Alarm snooze Stopped,PVT: Alarms unmuted,PVT: Volume Alarm snooze Started,PVT: Volume Alarm snooze Expired
920.00,912.0,222.04,4944,2021/10/10,11:40:24,ZWOB FROM Rig Display Drilling ZDIFF FROM Rig Display Drilling,ZDIFF FROM Rig Display Drilling,IN 8.9
930.00,-999.25,96.49,4212,2021/10/10,11:55:55,OUT 8.9
940.00,-999.25,121.74,4907,2021/10/10,12:01:43,
950.00,-999.25,121.89,5814,2021/10/10,12:11:43,ZWOB FROM Rig Display Drilling ZDIFF FROM Rig Display Drilling
960.00,-999.25,127.57,4748,2021/10/10,12:28:04,
970.00,-999.25,137.43,7347,2021/10/10,12:32:52,ZWOB FROM Rig Display Drilling ZDIFF FROM Rig Display Drilling
980.00,-999.25,138.21,5626,2021/10/10,12:43:56,
990.00,-999.25,181.38,5463,2021/10/10,12:47:53,
1000.00,-999.25,183.39,5917,2021/10/10,12:51:11,ZWOB FROM Rig Display Drilling,ZDIFF FROM Rig Display Drilling
1010.00,-999.25,183.82,5803,2021/10/10,13:00:37,IN 8.9/ OUT 8.9 DIESEL 2 SEC/QT
1020.00,-999.25,198.90,6184,2021/10/10,13:04:13,
1030.00,-999.25,202.93,6175,2021/10/10,13:07:15,ZWOB FROM Rig Display Drilling ZDIFF FROM Rig Display Drilling,NOV XFERRING TO ACTIVE
1040.00,-999.25,203.73,5136,2021/10/10,13:16:19,PUMPING SWEEP
1050.00,-999.25,219.62,5641,2021/10/10,13:19:29,
1060.00,-999.25,263.17,6201,2021/10/10,13:21:54,ZWOB FROM Rig Display Drilling ZDIFF FROM Rig Display Drilling
1070.00,-999.25,274.76,6325,2021/10/10,13:29:32,DIESEL 1 SEC/QT
1080.00,-999.25,270.79,7136,2021/10/10,13:31:55,
1090.00,-999.25,273.53,8124,2021/10/10,13:34:21,ZDIFF FROM Rig Display Drilling
1100.00,-999.25,251.04,6607,2021/10/10,13:42:34,
1110.00,-999.25,247.93,7340,2021/10/10,13:45:19,
1120.00,-999.25,225.10,7018,2021/10/10,13:48:15,
1130.00,-999.25,213.26,5986,2021/10/10,13:57:46,
1140.00,-999.25,220.78,7088,2021/10/10,14:00:37,
1150.00,-999.25,260.14,7151,2021/10/10,14:03:02,ZWOB FROM Rig Display Drilling,ZDIFF FROM Rig Display Drilling,IN 8.9+/ OUT 8.9
1160.00,-999.25,263.19,5334,2021/10/10,14:15:53,
1170.00,-999.25,290.37,9163,2021/10/10,14:18:08,ZDIFF FROM Rig Display Drilling
1180.00,-999.25,303.52,7706,2021/10/10,14:25:23,
1190.00,-999.25,243.73,7586,2021/10/10,14:27:58,
1200.00,-999.25,259.78,8198,2021/10/10,14:30:25,PUMPING SWEEP,IN TALLY: HOLE DEPTH SET TO 3977.7
1210.00,-999.25,259.00,8297,2021/10/10,14:38:13,
1220.00,-999.25,238.73,9029,2021/10/10,14:41:00,
1230.00,-999.25,253.08,8691,2021/10/10,14:43:24,PVT: Volume Alarm snooze Started,ZDIFF FROM Rig Display Drilling,PVT: Volume Alarm snooze Expired
1240.00,-999.25,259.99,7652,2021/10/10,14:51:20,
1250.00,-999.25,289.88,9075,2021/10/10,14:53:35,
1260.00,-999.25,305.51,9357,2021/10/10,14:55:39,ZDIFF FROM Rig Display Drilling
1270.00,-999.25,287.59,7020,2021/10/10,15:05:10,
1280.00,-999.25,274.66,8542,2021/10/10,15:09:38,
1290.00,-999.25,274.47,9558,2021/10/10,15:12:25,ZDIFF FROM Rig Display Drilling
1300.00,-999.25,241.54,8788,2021/10/10,15:19:46,
1310.00,-999.25,243.80,8783,2021/10/10,15:22:22,
1320.00,-999.25,276.23,9267,2021/10/10,15:24:41,PVT: Volume Alarm snooze Started,PUMPING SWEEP,PVT: Volume Alarm snooze Expired,ZWOB FROM Rig Display Drilling ZDIFF FROM Rig Display Drilling,IN 9.0,OUT 9.0
1330.00,-999.25,276.32,8905,2021/10/10,15:44:09,
1340.00,-999.25,198.96,8839,2021/10/10,15:47:19,
1350.00,-999.25,214.39,9070,2021/10/10,15:50:11,PVT: Volume Alarm snooze Started,ZWOB FROM Rig Display Drilling ZDIFF FROM Rig Display Drilling,PVT: Volume Alarm snooze Expired
1360.00,-999.25,212.12,7030,2021/10/10,16:05:46,
1370.00,-999.25,188.57,9592,2021/10/10,16:09:15,RIG SERVICE,PUMP RECOVERY FLUID T/SHAKERS,ZWOB FROM Rig Display Drilling ZDIFF FROM Rig Display Drilling,ZWOB FROM Rig Display Drilling ZDIFF FROM Rig Display Drilling,ZWOB FROM Rig Display Drilling ZDIFF FROM Rig Display Drilling
1380.00,-999.25,191.31,8615,2021/10/10,17:00:57,
1390.00,-999.25,153.04,8963,2021/10/10,17:05:53,
1400.00,-999.25,168.46,9933,2021/10/10,17:09:30,PVT: Volume Alarm snooze Started,ZWOB FROM Rig Display Drilling ZDIFF FROM Rig Display Drilling,PVT: Volume Alarm snooze Expired
1410.00,-999.25,153.21,9541,2021/10/10,17:18:33,
1420.00,-999.25,168.26,7561,2021/10/10,17:31:24,
1430.00,-999.25,168.41,9316,2021/10/10,17:46:21,PVT: Volume Alarm snooze Started,ZWOB FROM Rig Display Drilling ZDIFF FROM Rig Display Drilling,ZDIFF FROM Rig Display Drilling,PVT: Volume Alarm snooze Expired
1440.00,-999.25,138.41,8232,2021/10/10,17:55:50,
1450.00,-999.25,158.83,13297,2021/10/10,18:00:13,
1460.00,-999.25,159.23,11112,2021/10/10,18:04:00,PVT: Volume Alarm snooze Started,ZWOB FROM Rig Display Drilling ZDIFF FROM Rig Display Drilling,PVT: Volume Alarm snooze Expired
1470.00,-999.25,221.03,9890,2021/10/10,18:17:34,
1480.00,-999.25,245.37,10772,2021/10/10,18:20:10,
1490.00,-999.25,252.55,7488,2021/10/10,18:28:02,PVT: Volume Alarm snooze Started,ZWOB FROM Rig Display Drilling ZDIFF FROM Rig Display Drilling,ZDIFF FROM Rig Display Drilling
1500.00,-999.25,204.76,10637,2021/10/10,18:34:51,PVT: Volume Alarm snooze Expired
1510.00,-999.25,204.69,10160,2021/10/10,18:38:24,
1520.00,-999.25,246.80,11925,2021/10/10,18:41:05,PVT: Volume Alarm snooze Started,ZWOB FROM Rig Display Drilling,PVT: Volume Alarm snooze Expired
1530.00,-999.25,249.29,11304,2021/10/10,18:48:20,BACKYARD TRANSFERRING TO ACTIVE
1540.00,-999.25,244.75,11969,2021/10/10,18:50:59,SC DONE TRANFERING CENTERIFUGE ON ACTIVE,PVT: Volume Alarm snooze Started
1550.00,-999.25,276.14,12459,2021/10/10,18:56:42,PVT: Volume Alarm snooze Expired
1560.00,-999.25,221.43,10624,2021/10/10,19:00:22,
1570.00,-999.25,221.56,11908,2021/10/10,19:03:05,PVT: Alarms muted,PVT: Volume Alarm snooze Stopped PVT: Alarms unmuted,PVT: Volume Alarm snooze Started,ZWOB FROM Rig Display Drilling
1580.00,-999.25,221.93,11239,2021/10/10,19:09:54,PVT: Volume Alarm snooze Expired,PVT: Alarms muted,PVT: Volume Alarm snooze Stopped,PVT: Alarms unmuted,PVT: Volume Alarm snooze Started,PVT: Volume Alarm snooze Expired,PVT: Volume Alarm snooze Started,PVT: Volume Alarm snooze Expired,PVT: Volume Alarm snooze Started,PVT: Volume Alarm snooze Expired,PVT: Volume Alarm snooze Started,PVT: Volume Alarm snooze Expired,ZDIFF FROM Rig Display Drilling,ZWOB FROM Rig Display Drilling
1590.00,-999.25,219.85,10787,2021/10/10,19:35:38,
1600.00,-999.25,167.57,11174,2021/10/10,19:39:46,PVT: Volume Alarm snooze Started,MW IN 9.0 DIESEL @ 1 SEC/QT,PUMPING SWEEP,PVT: Volume Alarm snooze Expired,ZWOB FROM Rig Display Drilling WHILE ON BOTTOM,ZDIFF FROM Rig Display Drilling WHILE ON BOTTOM
1610.00,-999.25,163.23,11310,2021/10/10,19:51:29,
1620.00,-999.25,213.89,9659,2021/10/10,20:03:14,
1630.00,-999.25,219.95,10015,2021/10/10,20:09:20,PVT: Volume Alarm snooze Started,ZWOB FROM Rig Display Drilling ZDIFF FROM Rig Display Drilling,ZDIFF FROM Rig Display Drilling,ZWOB FROM Rig Display Drilling,ZWOB FROM Rig Display Drilling
1640.00,-999.25,206.75,11747,2021/10/10,20:17:31,PVT: Volume Alarm snooze Expired
1650.00,-999.25,244.46,12849,2021/10/10,20:20:20,
1660.00,-999.25,228.87,13972,2021/10/10,20:23:34,PVT: Volume Alarm snooze Started,ZWOB FROM Rig Display Drilling,PVT: Volume Alarm snooze Expired
1670.00,-999.25,227.88,10383,2021/10/10,20:35:50,MW IN 9.0/OUT 9.1
1680.00,-999.25,199.13,10240,2021/10/10,20:46:35,
1690.00,-999.25,198.93,13807,2021/10/10,20:49:39,PVT: Volume Alarm snooze Started,PVT: Volume Alarm snooze Expired,SC TRANFERING CENTERIFUGE OFF ACTIVE
1700.00,-999.25,211.25,9970,2021/10/10,21:05:28,
1710.00,-999.25,199.21,13429,2021/10/10,21:12:38,
1720.00,-999.25,213.49,13676,2021/10/10,21:17:19,PVT: Volume Alarm snooze Started,ZWOB FROM Rig Display Drilling,PVT: Volume Alarm snooze Expired
1730.00,-999.25,198.66,7583,2021/10/10,21:37:53,XFER FROM FRAC TO ACT,PUMPING SWEEP
1740.00,-999.25,196.54,12046,2021/10/10,21:49:54,PVT: Volume Alarm snooze Started,XFER COMPLETE,ZWOB FROM Rig Display Drilling
1750.00,-999.25,190.89,14508,2021/10/10,21:57:06,PVT: Volume Alarm snooze Expired,RIGALARM: PVT Rig Alarm Device 314 Online,RIGALARM: PVT Rig Alarm Device 314 Online,ZWOB FROM Rig Display Drilling ZDIFF FROM Rig Display Drilling,RIGALARM: PVT Rig Alarm Device 314 Online,ZWOB FROM Rig Display Drilling ZDIFF FROM Rig Display Drilling
1760.00,1747.5,195.46,11021,2021/10/11,00:19:55,
1770.00,1757.5,192.21,13730,2021/10/11,00:23:22,PVT: Volume Alarm snooze Started,ZWOB FROM Rig Display Drilling,ZWOB FROM Rig Display Drilling,PVT: Volume Alarm snooze Expired
1780.00,1767.5,192.98,12909,2021/10/11,00:33:08,MW IN 9.1
1790.00,1777.5,145.30,10440,2021/10/11,00:54:25,
1800.00,1787.5,154.55,14347,2021/10/11,00:58:23,PVT: Volume Alarm snooze Started,ZWOB FROM Rig Display Drilling,PUMPING SWEEP
1810.00,1797.5,171.33,10804,2021/10/11,01:08:15,PVT: Volume Alarm snooze Expired,MW IN 9.1/OUT 9.2
1820.00,1807.5,181.75,13692,2021/10/11,01:11:50,
1830.00,1817.5,174.65,14087,2021/10/11,01:15:29,PVT: Volume Alarm snooze Started,ZWOB FROM Rig Display Drilling
1840.00,1827.5,167.60,13404,2021/10/11,01:22:49,PVT: Volume Alarm snooze Expired
1850.00,1837.5,184.07,12426,2021/10/11,01:27:02,
1860.00,1847.5,189.85,13541,2021/10/11,01:30:44,PVT: Volume Alarm snooze Started,ZWOB FROM Rig Display Drilling,PVT: Volume Alarm snooze Expired
1870.00,1857.5,161.51,12679,2021/10/11,01:38:24,
1880.00,1867.5,170.74,13422,2021/10/11,01:42:04,
1890.00,1877.5,178.31,14302,2021/10/11,01:45:40,PVT: Volume Alarm snooze Started,ZWOB FROM Rig Display Drilling,PVT: Volume Alarm snooze Expired
1900.00,1887.5,170.75,13647,2021/10/11,01:52:54,MW IN 9.1/OUT 9.2,PUMPING SWEEP
1910.00,1897.5,172.75,13406,2021/10/11,01:56:24,CENTRIFUGE ON ACT
1920.00,1907.5,173.14,14179,2021/10/11,02:00:04,ZWOB FROM Rig Display Drilling,ZDIFF FROM Rig Display Drilling WHILE ON BOTTOM,SC CENTERIFUGE ON ACTIVE
1930.00,1917.5,173.03,12955,2021/10/11,02:07:59,
1940.00,1927.5,164.43,13527,2021/10/11,02:12:26,PVT: Volume Alarm snooze Started,ZWOB FROM Rig Display Drilling,ZWOB FROM Rig Display Drilling
1950.00,1937.5,143.81,12693,2021/10/11,02:19:45,PVT: Volume Alarm snooze Expired
1960.00,1947.5,154.20,12427,2021/10/11,02:24:22,MW IN 9.2,NOV PROCESSING BULLET TANK
1970.00,1957.5,154.15,7497,2021/10/11,02:54:18,PVT: Volume Alarm snooze Started,PUMPING SWEEP,ZWOB FROM Rig Display Drilling
1980.00,1967.5,150.75,13477,2021/10/11,03:02:08,PVT: Volume Alarm snooze Expired
1990.00,1977.5,162.45,14033,2021/10/11,03:05:58,
2000.00,1987.5,165.09,14543,2021/10/11,03:09:39,PVT: Volume Alarm snooze Started,XFER FROM FRAC TO ACT/TANK 8
2010.00,1997.5,161.74,13663,2021/10/11,03:17:40,PVT: Volume Alarm snooze Expired,XFER COMPLETE,SC CENTERIFUGE ON ACTIVE
2020.00,2007.5,156.96,9666,2021/10/11,03:49:50,
2030.00,2017.5,180.64,16393,2021/10/11,03:53:31,PVT: Volume Alarm snooze Started,ZWOB FROM Rig Display Drilling,ZWOB FROM Rig Display Drilling WHILE ON BOTTOM,PVT: Volume Alarm snooze Expired
2040.00,2027.5,192.02,13246,2021/10/11,04:06:15,
2050.00,2037.5,179.12,9840,2021/10/11,04:23:42,
2060.00,2047.5,179.16,18138,2021/10/11,04:27:08,PVT: Volume Alarm snooze Started,ZWOB FROM Rig Display Drilling,PUMPING SWEEP,PVT: Volume Alarm snooze Expired
2070.00,2057.5,183.94,15791,2021/10/11,04:34:19,MW IN 9.2
2080.00,2067.5,184.65,16798,2021/10/11,04:37:35,CENTRIFUGE OFF ACT
2090.00,2077.5,184.69,16460,2021/10/11,04:40:57,PVT: Volume Alarm snooze Started,ZWOB FROM Rig Display Drilling,PVT: Volume Alarm snooze Expired
2100.00,2087.5,179.02,14997,2021/10/11,04:48:22,
2110.00,2097.5,181.83,16688,2021/10/11,04:51:43,
2120.00,2107.5,184.39,16388,2021/10/11,04:55:22,ZWOB FROM Rig Display Drilling
2130.00,2117.5,187.03,15334,2021/10/11,05:02:29,
2140.00,2127.5,191.21,16674,2021/10/11,05:05:55,PVT: Volume Alarm snooze Started,ZWOB FROM Rig Display Drilling
2150.00,2137.4,192.01,16660,2021/10/11,05:13:11,PUMPING SWEEP,PVT: Volume Alarm snooze Expired,MW IN/OUT 11.2
2160.00,2147.4,99.04,4834,2021/10/11,05:45:17,MW CORRECTION 9.2
2170.00,2157.4,179.67,16720,2021/10/11,05:48:53,MW IN 9.2/OUT 9.1,PERFORM BOP PIT DRILL@552,FLOW CHECK,NO FLOW
2180.00,2167.4,180.61,15304,2021/10/11,06:02:24,ZWOB FROM Rig Display Drilling ZDIFF FROM Rig Display Drilling
2190.00,2177.4,122.07,9402,2021/10/11,06:19:26,
2200.00,2187.4,137.47,15360,2021/10/11,06:25:05,PVT: Volume Alarm snooze Started,CHECK C.O.M,PVT: Volume Alarm snooze Expired
2210.00,2197.4,138.84,15918,2021/10/11,06:35:45,
2220.00,2207.4,153.13,16265,2021/10/11,06:40:00,
2230.00,2217.4,153.72,15987,2021/10/11,06:43:56,PVT: Volume Alarm snooze Started,PVT: Volume Alarm snooze Expired,ZWOB FROM Rig Display Drilling ZDIFF FROM Rig Display Drilling
2240.00,2227.4,153.36,13649,2021/10/11,06:56:09,
2250.00,2237.4,156.59,17016,2021/10/11,07:00:23,
2260.00,2247.4,160.30,16160,2021/10/11,07:04:50,PVT: Volume Alarm snooze Started,ZWOB FROM Rig Display Drilling ZDIFF FROM Rig Display Drilling,PVT: Volume Alarm snooze Expired
2270.00,2257.4,153.34,13707,2021/10/11,07:18:16,PUMPING SWEEP
2280.00,2267.4,135.97,13754,2021/10/11,07:28:16,
2290.00,2277.4,153.12,14390,2021/10/11,07:32:34,PVT: Volume Alarm snooze Started,PVT: Volume Alarm snooze Expired
2300.00,2287.4,153.31,13905,2021/10/11,07:41:33,ZWOB FROM Rig Display Drilling ZDIFF FROM Rig Display Drilling
2310.00,2297.4,182.61,15000,2021/10/11,07:49:38,
2320.00,2307.4,157.01,17445,2021/10/11,07:53:31,PVT: Volume Alarm snooze Started,ZWOB FROM Rig Display Drilling ZDIFF FROM Rig Display Drilling,IN TALLY: HOLE DEPTH SET TO 7630.6,IN TALLY: HOLE DEPTH SET TO 7630.6,PVT: Volume Alarm snooze Expired
2330.00,2317.4,157.31,15574,2021/10/11,08:03:17,IN 9.3,DIESEL 6 SEC/QT
2340.00,2327.4,152.76,16711,2021/10/11,08:08:03,OUT 9.2+,PVT: Volume Alarm snooze Started,PUMPING SWEEP
2350.00,2337.4,156.64,15706,2021/10/11,08:16:05,PVT: Volume Alarm snooze Expired
2360.00,2347.4,152.51,9878,2021/10/11,08:29:26,
2370.00,2357.4,160.13,17037,2021/10/11,08:33:21,PVT: Volume Alarm snooze Started,PVT: Volume Alarm snooze Expired,IN TALLY: HOLE DEPTH SET TO 7814.5
2380.00,2367.4,160.59,16605,2021/10/11,08:44:09,
2390.00,2377.4,158.73,16823,2021/10/11,08:47:59,
2400.00,2387.4,160.46,18376,2021/10/11,08:52:42,PVT: Volume Alarm snooze Started,ZWOB FROM Rig Display Drilling ZDIFF FROM Rig Display Drilling,PVT: Volume Alarm snooze Expired
2410.00,2397.4,157.32,15528,2021/10/11,09:01:39,
2420.00,2407.4,164.91,15984,2021/10/11,09:05:24,
2430.00,2417.4,158.85,17108,2021/10/11,09:09:20,ZDIFF FROM Rig Display Drilling,IN TALLY: HOLE DEPTH SET TO 8001.7
2440.00,2427.4,155.81,15562,2021/10/11,09:18:48,
2450.00,2437.4,156.54,16277,2021/10/11,09:22:40,
2460.00,2447.4,156.76,18045,2021/10/11,09:26:49,PVT: Volume Alarm snooze Started,PUMPING SWEEP,PVT: Volume Alarm snooze Expired,IN 9.3 OUT 9.2
2470.00,2457.4,143.79,17336,2021/10/11,09:36:10,
2480.00,2467.4,148.76,16853,2021/10/11,09:40:16,
2490.00,2477.4,154.25,16563,2021/10/11,09:44:13,PVT: Volume Alarm snooze Started,PVT: Volume Alarm snooze Expired
2500.00,2487.4,156.01,16309,2021/10/11,09:53:05,
2510.00,2497.4,159.81,17097,2021/10/11,09:56:53,ZDIFF FROM Rig Display Drilling
2520.00,2507.4,161.31,17039,2021/10/11,10:05:20,
2530.00,2517.4,127.62,9114,2021/10/11,10:21:34,
2540.00,2527.4,137.45,17005,2021/10/11,10:27:38,PVT: Volume Alarm snooze Started
2550.00,2537.4,152.74,17130,2021/10/11,10:36:29,PVT: Volume Alarm snooze Expired
2560.00,2547.4,152.54,8819,2021/10/11,10:53:12,
2570.00,2557.4,159.18,18854,2021/10/11,10:57:21,PVT: Volume Alarm snooze Started,WATER 10 SEC/QT DIESEL 12 SEC/QT,ZWOB FROM Rig Display Drilling ZDIFF FROM Rig Display Drilling,IN TALLY: HOLE DEPTH SET TO 8470.5,PVT: Volume Alarm snooze Expired
2580.00,2567.4,164.18,16752,2021/10/11,11:05:56,
2590.00,2577.4,137.38,12674,2021/10/11,11:26:45,
2600.00,2587.4,137.38,18419,2021/10/11,11:31:33,PVT: Volume Alarm snooze Started,PVT: Volume Alarm snooze Expired
2610.00,2597.4,135.07,16405,2021/10/11,11:42:26,
2620.00,2607.4,142.63,17865,2021/10/11,11:46:43,
2630.00,2617.4,140.57,18222,2021/10/11,11:51:00,PVT: Volume Alarm snooze Started,PVT: Volume Alarm snooze Expired
2640.00,2627.4,140.72,16673,2021/10/11,12:01:55,
2650.00,2637.4,145.55,17660,2021/10/11,12:06:37,
2660.00,2647.4,146.23,18433,2021/10/11,12:10:57,PVT: Volume Alarm snooze Started,PVT: Volume Alarm snooze Expired
2670.00,2657.4,137.17,17108,2021/10/11,12:21:49,MW 9.5 IN/TURNING DIESEL OFF
2680.00,2667.4,137.41,18506,2021/10/11,12:26:21,
2690.00,2677.4,132.66,19072,2021/10/11,12:31:23,PVT: Volume Alarm snooze Started,PVT: Volume Alarm snooze Expired
2700.00,2687.4,117.54,17312,2021/10/11,13:05:25,
2710.00,2697.4,97.40,19329,2021/10/11,13:12:21,
2720.00,2707.4,84.03,18704,2021/10/11,13:20:49,
2730.00,2717.4,83.35,15376,2021/10/11,13:44:44,NOV XFERRING TO ACTIVE
2740.00,2727.4,128.25,17924,2021/10/11,13:50:35,XFER F/TANK 8 T/ACT,PVT: Volume Alarm snooze Started,PVT: Volume Alarm snooze Expired,XFER TANK 7 T/ACT
2750.00,2737.3,107.13,14831,2021/10/11,14:09:53,WATER AT 8 SEC/QT,XFER TANK 7 T/ACT
2760.00,2747.3,76.62,10564,2021/10/11,14:31:01,
2770.00,2757.3,75.93,17178,2021/10/11,14:39:35,ZDIFF FROM Rig Display Drilling,IN TALLY: HOLE DEPTH SET TO 9127.0,IN TALLY: HOLE DEPTH SET TO 9127.0
2780.00,2767.3,91.57,16664,2021/10/11,14:53:19,
2790.00,2777.3,91.98,17062,2021/10/11,15:01:08,NOV TRANSFER COMPLETE
2800.00,2787.3,95.01,12589,2021/10/11,15:17:19,ZDIFF FROM Rig Display Drilling,PVT: Volume Alarm snooze Started,PVT: Volume Alarm snooze Expired,PVT: Volume Alarm snooze Started,ZDIFF FROM Rig Display Drilling,PVT: Volume Alarm snooze Expired,PVT: Volume Alarm snooze Started,PVT: Volume Alarm snooze Expired
2810.00,2797.3,33.31,4287,2021/10/11,16:54:06,
2820.00,2807.3,30.12,5027,2021/10/11,17:17:26,WATER 4 SEC/QT DIESEL 8 SEC/QT
2830.00,2817.2,31.93,5414,2021/10/11,17:49:25,PVT: Volume Alarm snooze Started,CHECK C.O.M.,PVT: Volume Alarm snooze Expired,MW IN 9.6 OUT 9.5 OUT,ZDIFF FROM Rig Display Drilling
2840.00,2827.1,29.02,4216,2021/10/11,20:25:16,
2850.00,2836.8,19.84,5503,2021/10/11,20:56:54,MW IN 9.6+ OUT 9.5+,XFER FROM TANK 8 TO ACT,XFER COMPLETE,ZDIFF FROM Rig Display Drilling
2860.00,2846.5,41.58,5756,2021/10/11,21:52:20,PVT: Volume Alarm snooze Started,PVT: Volume Alarm snooze Expired,DIESEL @ 4 SEC/WATER @ 4 SEC,XFER FROM ACT TO TANK 8
2870.00,2856.2,37.11,3945,2021/10/11,22:23:00,
2880.00,2865.7,42.94,5041,2021/10/11,22:37:52,XFER COMPLETE XFER FROM FRAC TO ACT
2890.00,2875.0,45.33,5499,2021/10/11,22:51:46,PVT: Alarms muted,PVT: Volume Alarm snooze Stopped PVT: Alarms unmuted,PVT: Volume Alarm snooze Started,ZWOB FROM Rig Display Drilling ZDIFF FROM Rig Display Drilling,PVT: Volume Alarm snooze Expired,XFER COMPLETE
2900.00,2884.4,62.48,11651,2021/10/11,23:10:37,
2910.00,2893.5,64.62,8991,2021/10/11,23:27:14,PVT: Volume Alarm snooze Started,ZWOB FROM Rig Display Drilling ZDIFF FROM Rig Display Drilling,SC TRANFERING,PVT: Volume Alarm snooze Expired
2920.00,2902.5,47.42,6085,2021/10/11,23:47:42,PUMPING SWEEP
2930.00,2911.6,74.30,14057,2021/10/11,23:56:37,
2940.00,2920.6,73.62,14784,2021/10/12,00:04:47,PVT: Volume Alarm snooze Started,PVT: Volume Alarm snooze Expired
2950.00,2929.5,74.85,14401,2021/10/12,00:20:36,SC DONE TRANFERING
2960.00,2938.5,73.77,13154,2021/10/12,00:33:21,
2970.00,2947.5,39.93,13708,2021/10/12,00:51:16,DIESEL @ 4 SEC/QT WATER OFF,ZWOB FROM Rig Display Drilling,PUMPING SWEEP,Smart Alarms: Off,RIGALARM: PVT Rig Alarm Device 314 Online,BIT DEPTH CHANGED TO 9751.0 FEET,PVT: Volume Alarm snooze Started,PVT: Volume Alarm snooze Expired,FLOW CHECK,NO FLOW,PVT: Volume Alarm snooze Started,PVT: Volume Alarm snooze Expired,6.9,10.8,5.3,5.3,FILL TT1,4.3,4.3,4.5 SC TRANFERING,4.9,SC DONE TRANFERING,3.5,5,5,5 FILL TT2,4.1,3.9,FLOW CHECK@SHOE/RH,NO FLOW,REMOVE RH/INSTALL TRIP NIPPLE,TIGHT BREAK,TIGHT BREAK,5.4,FLOW CHECK TC,NO FLOW CHECK C.O.M,CHANGE SLIP DIES,7.4,6.6,6.5,FLOW CHECK BHA,RIG SERVICE,PVT: Trip Tank 1 high-low alarm has been enabled,27.2,25.2,BIT DEPTH CHANGED TO 1215.0 FEET,24.8,25.2,24.6,C.O.M.,FLOW CHECK TC,NO FLOW,25,24.8,25.6,BIT DEPTH CHANGED TO 3898.0 FEET,SC CENTERIFUGE ON ACTIVE,24.7,SC CENTERIFUGE OFF,25.3,23.2,24.9,24,24.9,24.5,BIT DEPTH CHANGED TO 7017.0 FEET,25.4,23.2,24.6,23.9,25.5,XFER FROM ACT TO FRAC,MAKE UP HANGER,BIT DEPTH CHANGED TO 9678.0 FEET,FILL PIPE,XFER COMPLETE,LANDED W/210K W/O BLOCKS,R/D CRT R/U CMT HEAD,BIT DEPTH CHANGED TO 9774.0 FEET,PVT: Trip Tank 2 high-low alarm has been disabled,PVT: Alarms muted,PVT: Volume Alarm snooze Stopped,SC CENTERIFUGE ON ACTIVE,XFER FROM ACT TO FRAC,XFER COMPLETE,PVT: Alarms unmuted,PVT: Volume Alarm snooze Stopped,XFER FROM FRAC TO ACT,XFER COMPLETE,XFER FROM FRAC TO ACT,XFER COMPLETE,MW IN PITS 8.8,TURN OFF CENTRIFUGE AND DIESEL,Smart Alarms: On,HOLE DEPTH HAS BEEN CHANGED TO 9790.03 FEET TOTAL STROKES HAS BEEN RESET TO ZERO,Smart Alarms: Off,BIT DEPTH CHANGED TO 250.0 FEET,RESTARTING PASON,PROCESS FLUID FROM BULLET TANK NOV,10,9.7,9.9,MW IN 8.8,BIT DEPTH CHANGED TO 2028.0 FEET,9.5,MW OUT 8.7,9.4,FILL PIPE,PROCESS COMPLETE NOV,9.4,9.3,10.1,10.6,9.1,9.4,9,9.4,9.2,9.1,9.2,9.9,FILL PIPE,MW IN 8.9,9.3,10.1,REMOVE TRIP NIPPLE/INSTALL RH,FILL PIPE,SLIP AND CUT DRILL LINE,RIG SERVICE,DIESEL 4 SEC/QT,BIT DEPTH CHANGED TO 9608.0 FEET,ZWOB FROM Rig Display Drilling ZDIFF FROM Rig Display Drilling,ZWOB FROM Rig Display Drilling,ZDIFF FROM Rig Display Drilling,ZDIFF FROM Rig Display Drilling,XFER FROM TT2 TO ACT,ZDIFF FROM Rig Display Drilling,ZDIFF FROM Rig Display Drilling,ZDIFF FROM Rig Display Drilling,ZWOB FROM Rig Display Drilling,ZDIFF FROM Rig Display Drilling,MW IN 9.0/OUT 9.8,PVT: Volume Alarm snooze Started,PVT: Volume Alarm snooze Expired,ZWOB FROM Rig Display Drilling ZDIFF FROM Rig Display Drilling,ZWOB FROM Rig Display Drilling ZDIFF FROM Rig Display Drilling
2980.00,2956.5,96.90,13125,2021/11/08,14:14:04,MW IN 9.2/OUT 9.4,9.3 IN 8.9 OUT,MW 9.3 IN/9.0 OUT,ZDIFF FROM Rig Display Drilling,MW IN 9.3/OUT 8.7,MW IN 9.3/OUT 8.7,MW IN 9.3/OUT 8.8,MW IN 9.2+/OUT 9.0,MW IN 9.3/ OUT 8.9,MW 9.1 IN 8.9 OUT,MW IN 9.2 OUT 8.9,MW IN 9.2/ OUT 9.0,MW IN 9.1+ OUT 9.0,MW IN 9.1/ OUT 9.0,PROCESS FLUID FROM BULLET TANK NOV,ZDIFF FROM Rig Display Drilling,HOOKLOAD WAS RECALIBRATED.,PROCESS COMPLETE NOV,STRING WEIGHT MANUALLY CHANGED FROM Rig Display Drilling WHILE ON BOTTOM,MW IN 9.1/OUT 9.1,DIESEL @ 2 SEC
2990.00,2965.5,92.30,3283,2021/11/08,16:44:34,MW IN 9.1/OUT 9.0,XFER FROM ACT TO SLUG,XFER COMPLETE
3000.00,2974.2,22.82,2746,2021/11/08,17:27:43,MW IN 9.1/OUT 9.0+
3010.00,2982.7,35.07,2885,2021/11/08,17:48:16,PVT: Volume Alarm snooze Started,PVT: Volume Alarm snooze Expired
3020.00,2991.1,63.04,2672,2021/11/08,18:19:41,MW IN 9.0+ VIS 42,OUT 9.0,DIESEL 2 SEC/QT / NO WATER
3030.00,2998.6,42.99,3161,2021/11/08,18:34:08,PVT: Volume Alarm snooze Started,CHECK C.O.M,"Sample @ 9,900' = 100% Chalk CHANGE FLOW PATH F/FLOW LINE T/GAS BUSTER",PVT: Volume Alarm snooze Expired,BOTH CHOKES 100%,ZWOB FROM Rig Display Drilling ZDIFF FROM Rig Display Drilling
3040.00,3006.2,49.25,3264,2021/11/08,19:14:40,
3050.00,3013.6,46.52,6101,2021/11/08,19:27:47,
3060.00,3020.4,46.74,3771,2021/11/08,19:48:28,"COOLING SYSTEM RUNNING ON ACTIVE Sample @ 10,000' = 100% Chalk",IN 9.0 OUT 8.9+,PVT: Volume Alarm snooze Started,PVT: Volume Alarm snooze Expired,ZWOB FROM Rig Display Drilling ZDIFF FROM Rig Display Drilling
3070.00,3027.2,46.19,3616,2021/11/08,20:20:37,MIXING CHEMICALS
3080.00,3033.7,46.19,5382,2021/11/08,20:40:00,
3090.00,3039.7,35.85,3273,2021/11/08,20:57:27,"Sample @ 10,100' = 100% Chalk",PVT: Volume Alarm snooze Started,PVT: Volume Alarm snooze Expired,ZWOB FROM Rig Display Drilling ZDIFF FROM Rig Display Drilling,DIESEL 4 SEC/QT
3100.00,3045.6,46.19,4330,2021/11/08,21:29:09,ZWOB FROM Rig Display Drilling ZDIFF FROM Rig Display Drilling,ON MUD CAP,ZWOB FROM Rig Display Drilling ZDIFF FROM Rig Display Drilling,PREP PITS W/KILL MUD,WEIGHT UP KILL MUD,KILL MUD 16.4 PPG,KILL MUD 16.7 PPG,ZWOB FROM Rig Display Drilling ZDIFF FROM Rig Display Drilling
3110.00,3051.6,46.19,5356,2021/11/09,00:41:11,
3120.00,3056.5,32.01,3449,2021/11/09,01:01:22,PVT: Volume Alarm snooze Started,PVT: Volume Alarm snooze Expired,ZWOB FROM Rig Display Drilling ZDIFF FROM Rig Display Drilling
3130.00,3061.4,38.65,4935,2021/11/09,01:36:39,
3140.00,3065.7,40.13,6327,2021/11/09,01:58:27,
3150.00,3069.5,29.31,3265,2021/11/09,02:21:46,PVT: Volume Alarm snooze Started,PVT: Volume Alarm snooze Expired,ZWOB FROM Rig Display Drilling ZDIFF FROM Rig Display Drilling
3160.00,3073.3,43.12,6082,2021/11/09,03:11:11,
3170.00,3076.6,46.74,7940,2021/11/09,03:30:05,
3180.00,3079.5,24.82,3734,2021/11/09,04:19:58,PVT: Volume Alarm snooze Started,PVT: Volume Alarm snooze Expired,ZWOB FROM Rig Display Drilling ZDIFF FROM Rig Display Drilling
3190.00,3082.4,40.13,6296,2021/11/09,05:24:38,
3200.00,3084.4,36.31,7775,2021/11/09,05:51:37,
3210.00,3086.1,30.32,4173,2021/11/09,06:39:38,PVT: Volume Alarm snooze Started,C.O.M.,PVT: Volume Alarm snooze Expired
3220.00,3087.8,26.80,4128,2021/11/09,07:29:16,DIFF PRESS ZERO POINT MANUALLY CHANGED FROM Rig Display Drilling
3230.00,3088.5,51.39,6239,2021/11/09,07:54:52,
3240.00,3089.2,52.75,10067,2021/11/09,08:06:41,PVT: Volume Alarm snooze Started,HOOKLOAD WAS RECALIBRATED.,PVT: Volume Alarm snooze Expired,ZWOB FROM Rig Display Drilling ZDIFF FROM Rig Display Drilling
3250.00,3089.8,55.49,9788,2021/11/09,08:28:15,XFER FROM TRUCK TO TANK 7
3260.00,3090.2,66.61,10512,2021/11/09,08:37:53,PVT: Volume Alarm snooze Started
3270.00,3090.6,70.04,10923,2021/11/09,08:52:26,PVT: Volume Alarm snooze Expired,XFER COMPLETE,PVT: Volume Alarm snooze Started,PVT: Volume Alarm snooze Expired
3280.00,3091.0,82.44,10431,2021/11/09,09:07:26,XFER FROM 7 TO ACT XFER COMPLETE
3290.00,3091.5,81.94,11820,2021/11/09,09:15:01,PVT: Volume Alarm snooze Started,ZDIFF FROM Rig Display Drilling WHILE ON BOTTOM,PVT: Volume Alarm snooze Expired
3300.00,3092.0,81.18,11497,2021/11/09,09:30:20,XFER FROM 7 TO ACT,XFER COMPLETE
3310.00,3092.6,69.22,8403,2021/11/09,09:54:06,
3320.00,3093.2,68.28,9912,2021/11/09,10:03:08,XFER TANK 7 TO FRAC
3330.00,3093.9,71.26,9531,2021/11/09,10:18:27,XFER COMPLETE
3340.00,3094.5,68.14,9338,2021/11/09,10:27:36,
3350.00,3095.1,70.61,9509,2021/11/09,10:36:35,XFER FROM TRUCK TO TANK  7,PVT: Volume Alarm snooze Started,ZWOB FROM Rig Display Drilling,PVT: Volume Alarm snooze Expired
3360.00,3095.7,66.75,9001,2021/11/09,10:52:13,XFER COMPLETE
3370.00,3096.3,81.08,9758,2021/11/09,11:00:07,XFER FROM TANK 7 TO TRUCK
3380.00,3096.9,87.52,10374,2021/11/09,11:07:16,XFER COMPLETE,PVT: Volume Alarm snooze Started,PVT: Volume Alarm snooze Expired
3390.00,3097.4,93.18,7802,2021/11/09,11:27:22,
3400.00,3098.0,84.45,8292,2021/11/09,11:41:45,
3410.00,3098.6,81.94,9607,2021/11/09,11:49:24,PVT: Volume Alarm snooze Started,PVT: Volume Alarm snooze Expired
3420.00,3099.2,80.86,9205,2021/11/09,12:03:21,
3430.00,3099.8,93.40,9951,2021/11/09,12:10:35,
3440.00,3100.4,99.41,10823,2021/11/09,12:16:52,PVT: Volume Alarm snooze Started,PVT: Volume Alarm snooze Expired
3450.00,3100.9,98.94,10268,2021/11/09,12:29:28,
3460.00,3101.5,93.55,13056,2021/11/09,12:36:34,
3470.00,3102.1,86.59,10864,2021/11/09,12:43:47,PVT: Volume Alarm snooze Started,PVT: Volume Alarm snooze Expired
3480.00,3102.7,76.83,5912,2021/11/09,13:19:15,XFER TANK 7 TO FRAC
3490.00,3103.4,82.01,10325,2021/11/09,13:27:07,XFER ACT TO FRAC,XFER FROM ACT COMPLETE,PVT: Volume Alarm snooze Started XFERCOMPLETE
3500.00,3104.1,79.47,10230,2021/11/09,13:39:57,PVT: Volume Alarm snooze Expired XFER FROM TRUCK TO TANK 7,XFER COMPLETE
3510.00,3104.8,76.54,10254,2021/11/09,13:55:09,XFER FROM DRILLCOOL TO TANK 7
3520.00,3105.7,76.46,10500,2021/11/09,14:03:09,
3530.00,3106.6,76.69,10233,2021/11/09,14:16:58,
3540.00,3107.5,79.20,10219,2021/11/09,14:25:06,GEARS RECALIBRATED
3550.00,3108.6,75.35,10659,2021/11/09,14:33:45,PVT: Volume Alarm snooze Started,PVT: Volume Alarm snooze Expired
3560.00,3109.7,72.46,9735,2021/11/09,14:54:13,XFER FROM DRILLCOOL COMPLETE,ZDIFF FROM Rig Display Drilling
3570.00,3110.7,73.59,7320,2021/11/09,15:19:44,
3580.00,3111.6,72.59,10663,2021/11/09,15:28:48,ZWOB FROM Rig Display Drilling ZDIFF FROM Rig Display Drilling
3590.00,3112.4,62.73,9461,2021/11/09,15:53:29,ZWOB FROM Rig Display Drilling
3600.00,3113.1,57.53,7105,2021/11/09,16:33:26,
3610.00,3113.7,69.03,9116,2021/11/09,17:04:41,RIG SERVICE,RIG SERVICE,ZDIFF FROM Rig Display Drilling,ZDIFF FROM Rig Display Drilling,PVT: Volume Alarm snooze Started,PVT: Volume Alarm snooze Expired
3620.00,3114.2,76.58,11542,2021/11/09,17:51:45,
3630.00,3114.7,86.47,12093,2021/11/09,17:59:48,
3640.00,3115.2,76.41,12109,2021/11/09,18:07:57,PVT: Volume Alarm snooze Started,CHECK C.O.M,PVT: Volume Alarm snooze Expired,ZWOB FROM Rig Display Drilling ZDIFF FROM Rig Display Drilling
3650.00,3115.6,76.43,9354,2021/11/09,18:35:40,
3660.00,3116.0,81.59,11320,2021/11/09,18:51:04,
3670.00,3116.4,80.63,13165,2021/11/09,18:58:57,PVT: Volume Alarm snooze Started,ZWOB FROM Rig Display Drilling ZDIFF FROM Rig Display Drilling,PVT: Volume Alarm snooze Expired
3680.00,3116.8,70.50,10003,2021/11/09,19:25:00,
3690.00,3117.1,62.08,12089,2021/11/09,19:40:38,
3700.00,3117.4,68.87,12875,2021/11/09,19:49:53,ZWOB FROM Rig Display Drilling,ZDIFF FROM Rig Display Drilling
3710.00,3117.8,68.64,12491,2021/11/09,20:08:03,
3720.00,3118.0,70.60,12993,2021/11/09,20:16:39,PVT: Volume Alarm snooze Started,PVT: Volume Alarm snooze Expired,ZWOB FROM Rig Display Drilling ZDIFF FROM Rig Display Drilling
3730.00,3118.2,70.77,12699,2021/11/09,20:33:56,ZWOB FROM Rig Display Drilling
3740.00,3118.4,66.28,12610,2021/11/09,20:51:22,
3750.00,3118.6,66.78,12728,2021/11/09,21:00:46,ZWOB FROM Rig Display Drilling ZDIFF FROM Rig Display Drilling
3760.00,3118.9,64.44,11572,2021/11/09,21:20:18,ZDIFF FROM Rig Display Drilling,ZWOB FROM Rig Display Drilling ZDIFF FROM Rig Display Drilling
3770.00,3119.3,67.66,10009,2021/11/09,22:34:18,
3780.00,3119.8,54.71,10732,2021/11/09,22:48:16,PVT: Volume Alarm snooze Started,ZWOB FROM Rig Display Drilling ZDIFF FROM Rig Display Drilling,PVT: Volume Alarm snooze Expired,ZWOB FROM Rig Display Drilling ZDIFF FROM Rig Display Drilling
3790.00,3120.3,62.21,10254,2021/11/09,23:30:19,
3800.00,3120.8,80.08,11785,2021/11/09,23:38:10,
3810.00,3121.4,80.88,12223,2021/11/09,23:45:44,PVT: Volume Alarm snooze Started,ZWOB FROM Rig Display Drilling ZDIFF FROM Rig Display Drilling,PVT: Volume Alarm snooze Expired
3820.00,3122.0,79.68,10428,2021/11/10,00:12:55,
3830.00,3122.6,70.12,10221,2021/11/10,00:34:05,
3840.00,3123.1,81.49,12293,2021/11/10,00:41:33,PVT: Volume Alarm snooze Started,PVT: Volume Alarm snooze Expired,ZWOB FROM Rig Display Drilling ZDIFF FROM Rig Display Drilling
3850.00,3123.7,81.29,11719,2021/11/10,00:58:56,
3860.00,3124.3,80.98,12388,2021/11/10,01:06:36,
3870.00,3124.9,79.55,12388,2021/11/10,01:14:50,ZWOB FROM Rig Display Drilling ZDIFF FROM Rig Display Drilling,IN TALLY: HOLE DEPTH SET TO 12718.3
3880.00,3125.5,75.38,10077,2021/11/10,01:51:51,
3890.00,3126.1,79.65,12702,2021/11/10,02:04:36,
3900.00,3126.7,79.85,13048,2021/11/10,02:12:31,ZWOB FROM Rig Display Drilling,ZDIFF FROM Rig Display Drilling
3910.00,3127.3,70.79,8014,2021/11/10,02:45:27,
3920.00,3127.8,61.46,11324,2021/11/10,03:00:06,PVT: Volume Alarm snooze Started,ZWOB FROM Rig Display Drilling ZDIFF FROM Rig Display Drilling,PVT: Volume Alarm snooze Expired
3930.00,3128.2,54.76,11047,2021/11/10,03:18:03,ZDIFF FROM Rig Display Drilling WHILE ON BOTTOM
3940.00,3128.6,62.03,8340,2021/11/10,03:45:24,
3950.00,3128.9,81.43,12618,2021/11/10,03:53:49,ZWOB FROM Rig Display Drilling ZDIFF FROM Rig Display Drilling
3960.00,3129.1,81.36,12205,2021/11/10,04:08:51,
3970.00,3129.3,79.75,12461,2021/11/10,04:16:46,
3980.00,3129.5,82.72,12801,2021/11/10,04:24:12,ZWOB FROM Rig Display Drilling,ZDIFF FROM Rig Display Drilling,ZWOB FROM Rig Display Drilling,ZDIFF FROM Rig Display Drilling
3990.00,3129.7,88.80,11373,2021/11/10,04:52:14,
4000.00,3130.0,46.36,11244,2021/11/10,05:38:06,
4010.00,3130.2,61.05,11585,2021/11/10,05:50:24,PVT: Volume Alarm snooze Started,ZWOB FROM Rig Display Drilling ZDIFF FROM Rig Display Drilling,PVT: Volume Alarm snooze Expired
4020.00,3130.5,56.54,10550,2021/11/10,06:16:18,ZWOB FROM Rig Display Drilling ZDIFF FROM Rig Display Drilling
4030.00,3130.9,61.42,11333,2021/11/10,07:00:32,
4040.00,3131.4,61.55,12519,2021/11/10,07:10:20,PVT: Volume Alarm snooze Started,CHECK C.O.M,PVT: Volume Alarm snooze Expired,ZWOB FROM Rig Display Drilling ZDIFF FROM Rig Display Drilling,RECYCLE PUMPS MWD,RECYCLE PUMPS MWD,ZWOB FROM Rig Display Drilling ZDIFF FROM Rig Display Drilling
4050.00,3131.8,61.50,10554,2021/11/10,08:05:32,ZWOB FROM Rig Display Drilling ZDIFF FROM Rig Display Drilling,ZDIFF FROM Rig Display Drilling
4060.00,3132.5,58.93,11405,2021/11/10,08:33:28,
4070.00,3133.3,63.76,13187,2021/11/10,08:43:14,PVT: Volume Alarm snooze Started,PVT: Volume Alarm snooze Expired,ZWOB FROM Rig Display Drilling ZDIFF FROM Rig Display Drilling
4080.00,3134.1,63.74,10679,2021/11/10,09:19:42,ZWOB FROM Rig Display Drilling ZDIFF FROM Rig Display Drilling
4090.00,3135.0,62.43,12994,2021/11/10,09:37:34,
4100.00,3135.9,62.85,13828,2021/11/10,09:47:16,ZWOB FROM Rig Display Drilling ZDIFF FROM Rig Display Drilling,ZWOB FROM Rig Display Drilling ZDIFF FROM Rig Display Drilling
4110.00,3136.8,53.75,12931,2021/11/10,10:08:41,
4120.00,3137.7,51.79,12988,2021/11/10,10:20:39,
4130.00,3138.6,54.71,13083,2021/11/10,10:32:17,PVT: Volume Alarm snooze Started,ZWOB FROM Rig Display Drilling ZDIFF FROM Rig Display Drilling,PVT: Volume Alarm snooze Expired,RECYCLE PUMPS MWD,RECYCLE PUMPS MWD,ZWOB FROM Rig Display Drilling ZDIFF FROM Rig Display Drilling,ZWOB FROM Rig Display Drilling ZDIFF FROM Rig Display Drilling
4140.00,3139.4,50.28,13021,2021/11/10,11:07:35,
4150.00,3140.2,49.78,13217,2021/11/10,11:19:52,PVT: Volume Alarm snooze Started,PVT: Volume Alarm snooze Expired,ZWOB FROM Rig Display Drilling ZDIFF FROM Rig Display Drilling,ZDIFF FROM Rig Display Drilling
4160.00,3141.0,48.10,12427,2021/11/10,11:43:42,
4170.00,3141.8,67.73,13116,2021/11/10,11:54:40,
4180.00,3142.5,67.66,14318,2021/11/10,12:03:34,PVT: Volume Alarm snooze Started,PVT: Volume Alarm snooze Expired,ZWOB FROM Rig Display Drilling,ZDIFF FROM Rig Display Drilling
4190.00,3143.3,67.58,14207,2021/11/10,12:28:30,ZWOB FROM Rig Display Drilling ZDIFF FROM Rig Display Drilling
4200.00,3144.0,66.00,12403,2021/11/10,12:53:00,
4210.00,3144.7,66.07,14665,2021/11/10,13:02:22,PVT: Volume Alarm snooze Started,PVT: Volume Alarm snooze Expired,RECYCLE PUMPS MWD,ZWOB FROM Rig Display Drilling ZDIFF FROM Rig Display Drilling
4220.00,3145.5,62.23,13522,2021/11/10,13:29:40,
4230.00,3146.2,70.78,13654,2021/11/10,13:39:10,
4240.00,3146.9,71.56,14557,2021/11/10,13:47:37,PVT: Volume Alarm snooze Started,PVT: Volume Alarm snooze Expired,ZWOB FROM Rig Display Drilling,ZDIFF FROM Rig Display Drilling
4250.00,3147.6,70.81,13779,2021/11/10,14:06:13,
4260.00,3148.2,71.30,13831,2021/11/10,14:14:42,
4270.00,3148.8,71.28,14089,2021/11/10,14:23:11,PVT: Volume Alarm snooze Started,PVT: Volume Alarm snooze Expired,ZWOB FROM Rig Display Drilling,ZDIFF FROM Rig Display Drilling
4280.00,3149.4,70.67,11637,2021/11/10,15:00:59,ZWOB FROM Rig Display Drilling,ZDIFF FROM Rig Display Drilling,ZWOB FROM Rig Display Drilling ZDIFF FROM Rig Display Drilling,ZWOB FROM Rig Display Drilling ZDIFF FROM Rig Display Drilling
4290.00,3149.9,71.89,14377,2021/11/10,15:22:05,
4300.00,3150.3,67.35,15503,2021/11/10,15:31:03,RIG SERVICE,PVT: Volume Alarm snooze Started,ZWOB FROM Rig Display Drilling ZDIFF FROM Rig Display Drilling,PVT: Volume Alarm snooze Expired
4310.00,3150.7,67.41,14451,2021/11/10,16:47:11,
4320.00,3151.1,67.16,14791,2021/11/10,16:56:17,XFER OBM FROM FRAC TO TANK 7,ZWOB FROM Rig Display Drilling ZDIFF FROM Rig Display Drilling
4330.00,3151.4,67.51,14515,2021/11/10,17:13:48,PVT: Volume Alarm snooze Started,PVT: Volume Alarm snooze Expired,RECYCLE PUMPS MWD,PREFORM EVACUATION DRILL,ZWOB FROM Rig Display Drilling ZDIFF FROM Rig Display Drilling,ZWOB FROM Rig Display Drilling ZDIFF FROM Rig Display Drilling
4340.00,3151.7,67.03,13462,2021/11/10,17:43:44,
4350.00,3152.2,70.22,14972,2021/11/10,17:52:23,PVT: Volume Alarm snooze Started,COM OK,PUMP 15 BBLS ON BACK SIDE,PVT: Volume Alarm snooze Expired,PVT: Volume Alarm snooze Started,PVT: Volume Alarm snooze Expired,ZWOB FROM Rig Display Drilling ZDIFF FROM Rig Display Drilling
4360.00,3152.7,70.10,15384,2021/11/10,18:20:44,
4370.00,3153.2,64.19,10816,2021/11/10,18:55:04,
4380.00,3153.8,69.75,14866,2021/11/10,19:07:44,PVT: Volume Alarm snooze Started,PVT: Volume Alarm snooze Expired,ZWOB FROM Rig Display Drilling ZDIFF FROM Rig Display Drilling
4390.00,3154.4,69.84,15080,2021/11/10,19:23:37,
4400.00,3154.9,62.18,15370,2021/11/10,19:33:20,
4410.00,3155.5,61.59,15337,2021/11/10,19:43:07,PVT: Volume Alarm snooze Started,PVT: Volume Alarm snooze Expired
4420.00,3156.0,61.45,14462,2021/11/10,20:01:05,
4430.00,3156.6,125.23,11630,2021/11/10,20:42:02,
4440.00,3157.3,61.55,14371,2021/11/10,20:51:50,PVT: Volume Alarm snooze Started,PVT: Volume Alarm snooze Expired,ZWOB FROM Rig Display Drilling ZDIFF FROM Rig Display Drilling,IN TALLY: HOLE DEPTH SET TO 14603.9
4450.00,3158.0,67.73,14397,2021/11/10,21:11:32,
4460.00,3158.9,61.46,11726,2021/11/10,21:44:24,
4470.00,3159.7,61.53,15321,2021/11/10,21:54:11,PVT: Volume Alarm snooze Started,PVT: Volume Alarm snooze Expired,ZWOB FROM Rig Display Drilling ZDIFF FROM Rig Display Drilling
4480.00,3160.6,65.85,15498,2021/11/10,22:12:32,
4490.00,3161.5,62.18,14981,2021/11/10,22:22:18,
4500.00,3162.4,69.32,14406,2021/11/10,22:31:46,PVT: Volume Alarm snooze Started,PVT: Volume Alarm snooze Expired
4510.00,3163.3,69.15,15102,2021/11/10,22:48:50,
4520.00,3164.2,69.47,15610,2021/11/10,22:57:54,
4530.00,3165.2,61.40,14968,2021/11/10,23:07:47,PVT: Volume Alarm snooze Started,PVT: Volume Alarm snooze Expired,PVT: Volume Alarm snooze Started,PVT: Volume Alarm snooze Expired,PVT: Volume Alarm snooze Started,PVT: Volume Alarm snooze Expired,ZDIFF FROM Rig Display Drilling,PVT: Volume Alarm snooze Started,PVT: Volume Alarm snooze Expired,PVT: Volume Alarm snooze Started,PVT: Volume Alarm snooze Expired,PERFORM EVACUATION DRILL @ 02:30 AM,PVT: Volume Alarm snooze Started,TROUBLE SHOOT MWD TOOL,PVT: Volume Alarm snooze Expired,PUMP OUT TRIP TANK,PVT: Volume Alarm snooze Started,PVT: Volume Alarm snooze Expired,ZWOB FROM Rig Display Drilling ZDIFF FROM Rig Display Drilling,PVT: Volume Alarm snooze Started,PVT: Volume Alarm snooze Expired,PVT: Volume Alarm snooze Started,PVT: Volume Alarm snooze Expired,PVT: Volume Alarm snooze Started,PVT: Volume Alarm snooze Expired,PVT: Volume Alarm snooze Started,PVT: Volume Alarm snooze Expired,ZWOB FROM Rig Display Drilling ZDIFF FROM Rig Display Drilling,PVT: Volume Alarm snooze Started,CHECK C.O.M,PVT: Volume Alarm snooze Expired,ZWOB FROM Rig Display Drilling ZDIFF FROM Rig Display Drilling,ZWOB FROM Rig Display Drilling,ZDIFF FROM Rig Display Drilling,ZDIFF FROM Rig Display Drilling,PVT: Volume Alarm snooze Started,PVT: Volume Alarm snooze Expired,ZWOB FROM Rig Display Drilling ZDIFF FROM Rig Display Drilling,ZWOB FROM Rig Display Drilling ZDIFF FROM Rig Display Drilling,PVT: Volume Alarm snooze Started,PVT: Volume Alarm snooze Expired,ZWOB FROM Rig Display Drilling ZDIFF FROM Rig Display Drilling,ZWOB FROM Rig Display Drilling ZDIFF FROM Rig Display Drilling,ZWOB FROM Rig Display Drilling ZDIFF FROM Rig Display Drilling,ZWOB FROM Rig Display Drilling ZDIFF FROM Rig Display Drilling,ZWOB FROM Rig Display Drilling,ZDIFF FROM Rig Display Drilling,XFER FROM FRAC TO TANK 7,XFER COMPLETE,Well Control Drill Started: GAIN on (Flow),Well Control Drill Stopped,BOP PIT DRILL,NO FLOW CHECK TOUR CHANGE WELL SHUT IN,TRANSFER MUD FROM FRAC TANK TO TANK 7,9.5,TRANSFER COMPLETE,9.4,9.4,9.4,9.4,NO FLOW CHECK @ SHOE @ 9774' WELL SHUT IN,PUMP 30 BBLS KILL MUD ON BACK SIDE,PERFORM TRIP DRILL 1920,Well Control Drill Started: GAIN on (Flow),Well Control Drill Stopped,FLOW CHECK NO FLOW,9.4,TRANSFER FROM FRAC TANK TO TANK 7,TRANSFER COMPLETE,9.4,9.5,9.4,9.4,9.4,9.5,TRANSFER FROM FRAC TANK TO TANK 7,TRANSFER COMPLETE,9.4,9.4,9.4,9.4,TRANSFER FROM FRAC TANK TO TANK 7,9.5,TRANSFER COMPLETE,9.4,9.4,PUMP 50 BBLS KILL MUD,FLOW CHECK,NO FLOW,REMOVE ROT HEAD & INSTALL TRIP NIPPLE.,L/D AGGITATOR PUMP OUT TT,9.4,9.4,TRANSFER FROM FRAC TANK TO TANK 7,TRANSFER ROM FRC TANK TO TANKS 6 & 5,9.5,9.4 TRANSFER COMPLETE,9.5,PUMP 15 BBLS KILL MUD,TRANSFER FROM FRAC TANK TO TANKS 5 & 6,FLOW CHECK,NO FLOW,TRANFER FROM FRAC TANK TO TANKS 5 & 6,TRANSFER COMPLETE,FLOW CHECK @ BHA 132' @ 0100 NO FLOW,CLEAN RIG FLOOR,1.2,3.6,FLOW CHECK BEFORE INSTALL ROT HEAD,REMOVE TRIP NIPPLE INSTALL ROT HEAD,RIG SERVICE,BIT DEPTH CHANGED TO 1794.0 FEET,FILL PIPE,PRESSURE TEST BEFORE AND AFTER AGITATOR,P/UP AGITATOR,BIT DEPTH CHANGED TO 2808.0 FEET,FLOW CHECK  AT TOUR CHANGE,NO FLOW,CHECK C.O.M,FILL PIPE,P/U AGITATOR,FILL PIPE,BIT DEPTH CHANGED TO 9632.0 FEET,SLIP AND CUT DRILLING LINE,CHECK C.O.M,STRING WEIGHT MANUALLY CHANGED FROM Rig Display Drilling,CHANGE OUT ROTATING HEAD,HOOKLOAD WAS RECALIBRATED,FILL PIPE,ZWOB FROM Rig Display Drilling ZDIFF FROM Rig Display Drilling,ZWOB FROM Rig Display Drilling ZDIFF FROM Rig Display Drilling,PVT: Volume Alarm snooze Started,BIT DEPTH CHANGED TO 14627.0 FEET,PVT: Volume Alarm snooze Expired,PVT: Volume Alarm snooze Started,PVT: Volume Alarm snooze Expired,PVT: Volume Alarm snooze Started,PVT: Volume Alarm snooze Expired,PVT: Volume Alarm snooze Started,PVT: Volume Alarm snooze Expired,TRANSFER FROM FRAC TANK TO TANKS 5 & 6,TRANSFER COMPLETE,HOLE DEPTH CHANGED TO 14900.0 FEET,NO FLOW CHECK WELL SHUT IN,PVT: Volume Alarm snooze Started,PVT: Volume Alarm snooze Expired,9.5,9.5,TRANSFER FROM FRAC TANK TO TANK 7,9.5,TRANSFER COMPLETE,9.5,9.5,9.5,9.5,TRANSFER FROM FRAC TANK TO TANK 7,TRANSFER COMPLETE,9.5,9.5,9.5,TRANSFER FROM FRAC TANK TO TANK 7,PUMP KILL MUD ON BACK SIDE.,NO FLOW CHECK AT TOUR CHANGE DUE TO WELL SHUT IN,9.4,9.2,9.3,9.4,XFER FROM FRAC TO TANK 7,9.4,XFER COMPLETE,9.4,XFER FROM FRAC TO TANK 5&6,9.4,XFER COMPLETE,9.4,L/D AGITATOR,9.4,9.4,XFER FROM FRAC TO TANK 7,9.4,XFER COMPLETE,9.4,9.4,9.4,PUMP 50 BBLS OF 17.2 KILL MUD,FLOW CHECK BEFORE REMOVING ROTATING HEAD,NO FLOW,REMOVE ROTATING HEAD,LAYDOWN AGITATOR,9.4,9.4,9.4,9.4,9.4 XFER FROM FRAC TO TANK 7,XFER FROM FRAC TO TANK 5&6,XFER COMPLETE,FLOW CHECK AT BHA,NO FLOW,TEST MWD TOOL,FLOW CHECK,FLOW CHECK BEFORE INSTALLING ROTATING HEAD,NO FLOW,INSTALL ROTATING HEAD,CHECK C.O.M,BIT DEPTH CHANGED TO 2451.0 FEET,FILL PIPE,P/U AGITATOR,FILL PIPE,P/U AGITATOR,NO FLOW CHECK @ TOUR CHANGE WELL SHUT IN,COM OK,FILL PIPE,RIG SERVICE,HOOKLOAD WAS RECALIBRATED,BIT DEPTH CHANGED TO 11142.0 FEET,FILL PIPE,ZWOB FROM Rig Display Drilling ZDIFF FROM Rig Display Drilling,PVT: Volume Alarm snooze Started,PVT: Volume Alarm snooze Expired,PVT: Volume Alarm snooze Started,PVT: Volume Alarm snooze Expired,PVT: Volume Alarm snooze Started,PVT: Volume Alarm snooze Expired,BIT DEPTH CHANGED TO 14879.0 FEET,ZDIFF FROM DHC,PUMP KILL MUD BACK SIDE,TRANSFER FROM FRAC TANK TO TANKS 5 & 6,TRANSFER COMPLETE,ZDIFF FROM DHC,PUMP KILL MUD BACK SIDE,PERFORM DRILL RESCUE FROM HEIGHTS @ 3:30
4540.00,3166.1,61.93,10959,2021/11/14,03:32:34,ZDIFF FROM Rig Display Drilling,ZWOB FROM Rig Display Drilling ZDIFF FROM Rig Display Drilling,ZDIFF FROM Rig Display Drilling,ZDIFF FROM Rig Display Drilling WHILE ON BOTTOM,XFER FROM FRAC TO TANKS 5&6,XFER COMPLETE,ZWOB FROM Rig Display Drilling ZDIFF FROM Rig Display Drilling
4550.00,3167.5,22.78,9158,2021/11/14,12:15:40,PVT: Volume Alarm snooze Started,PVT: Volume Alarm snooze Expired,ZWOB FROM Rig Display Drilling,ZDIFF FROM Rig Display Drilling
4560.00,3168.1,22.97,13958,2021/11/14,13:16:56,XFER FROM FRAC TO TANK 7,XFER COMPLETE,PVT: Volume Alarm snooze Started,ADDING BARITE TO PIT 7,PVT: Volume Alarm snooze Expired,ZWOB FROM Rig Display Drilling,ZDIFF FROM Rig Display Drilling
4570.00,3168.7,25.37,15310,2021/11/14,13:59:37,ZWOB FROM Rig Display Drilling ZDIFF FROM Rig Display Drilling,XFER FROM TANK 7 TO FRAC,XFER FROM FRAC TO TANK 7
4580.00,3169.3,25.27,15749,2021/11/14,14:38:34,XFER COMPLETE,ADDING BARITE TO TANK 7
4590.00,3169.9,22.90,15143,2021/11/14,15:06:49,PVT: Volume Alarm snooze Started,CHECK C.O.M,PVT: Volume Alarm snooze Expired,ZWOB FROM Rig Display Drilling ZDIFF FROM Rig Display Drilling,ZWOB FROM Rig Display Drilling ZDIFF FROM Rig Display Drilling,XFER TANK 7 TO FRAC
4600.00,3170.5,22.11,14470,2021/11/14,15:55:37,XFER COMPLETE,ZWOB FROM Rig Display Drilling ZDIFF FROM Rig Display Drilling,ZWOB FROM Rig Display Drilling,ZDIFF FROM Rig Display Drilling
4610.00,3171.2,28.96,13317,2021/11/14,16:50:59,
4620.00,3171.7,26.83,16421,2021/11/14,17:15:24,PVT: Volume Alarm snooze Started,PVT: Volume Alarm snooze Expired,ZWOB FROM Rig Display Drilling ZDIFF FROM Rig Display Drilling
4630.00,3172.2,25.64,16184,2021/11/14,17:50:15,
4640.00,3172.9,36.96,19080,2021/11/14,18:11:46,
4650.00,3173.3,36.83,20460,2021/11/14,18:31:17,PVT: Volume Alarm snooze Started,COM OK,ZWOB FROM Rig Display Drilling ZDIFF FROM Rig Display Drilling,ZWOB FROM Rig Display Drilling ZDIFF FROM Rig Display Drilling,PVT: Volume Alarm snooze Expired
4660.00,3173.7,63.36,18449,2021/11/14,18:58:05,
4670.00,3174.1,33.74,17171,2021/11/14,19:46:22,
4680.00,3174.5,35.85,21331,2021/11/14,20:03:39,PVT: Volume Alarm snooze Started,ZWOB FROM Rig Display Drilling ZDIFF FROM Rig Display Drilling,PVT: Volume Alarm snooze Expired
4690.00,3174.9,37.29,19827,2021/11/14,20:27:10,
4700.00,3175.3,37.74,20647,2021/11/14,20:43:17,
4710.00,3175.7,37.74,20808,2021/11/14,20:59:46,PVT: Volume Alarm snooze Started,PVT: Volume Alarm snooze Expired
4720.00,3176.1,35.20,16228,2021/11/14,21:40:53,
4730.00,3176.3,35.83,17841,2021/11/14,22:22:34,
4740.00,3176.8,38.44,20889,2021/11/14,22:39:03,PVT: Volume Alarm snooze Started,ZWOB FROM Rig Display Drilling ZDIFF FROM Rig Display Drilling,PVT: Volume Alarm snooze Expired
4750.00,3177.4,38.44,17476,2021/11/14,23:23:38,
4760.00,3177.8,37.54,20179,2021/11/14,23:51:43,
4770.00,3178.4,34.65,21248,2021/11/15,00:11:07,RIG SERVICE,PUMP KILL MUD BACK SIDE,PVT: Volume Alarm snooze Started,PVT: Volume Alarm snooze Expired,PVT: Volume Alarm snooze Started,ZWOB FROM Rig Display Drilling ZDIFF FROM Rig Display Drilling,PVT: Volume Alarm snooze Expired,PVT: Volume Alarm snooze Started,PVT: Volume Alarm snooze Expired
4780.00,3179.4,37.13,17602,2021/11/15,01:33:12,
4790.00,3179.9,39.27,19458,2021/11/15,01:49:23,PVT: Volume Alarm snooze Started,ZWOB FROM Rig Display Drilling ZDIFF FROM Rig Display Drilling
4800.00,3180.3,39.30,19476,2021/11/15,02:12:33,PVT: Volume Alarm snooze Expired
4810.00,3180.8,39.97,14642,2021/11/15,02:59:57,
4820.00,3181.2,40.20,19384,2021/11/15,03:42:38,DIFF PRESS ZERO POINT MANUALLY CHANGED FROM DHC WHILE ON BOTTOM,ZDIFF FROM DHC WHILE ON BOTTOM,PVT: Volume Alarm snooze Started,ZWOB FROM Rig Display Drilling ZDIFF FROM Rig Display Drilling,PVT: Volume Alarm snooze Expired,PVT: Volume Alarm snooze Started,TRANSFER FROM FRAC TANK TO TANKS 5 & 6,ZDIFF FROM Rig Display Drilling,ZWOB FROM Rig Display Drilling,PVT: Volume Alarm snooze Expired,TROUBLE SHOOT MWD TOOL,TRANSFER COMPLETE,PUMP OUT TRIP TANK
4830.00,3181.7,40.10,17609,2021/11/15,04:43:49,
4840.00,3182.2,40.12,13305,2021/11/15,05:36:56,
4850.00,3182.7,38.97,18995,2021/11/15,05:52:49,PVT: Volume Alarm snooze Started,PVT: Volume Alarm snooze Expired,ZWOB FROM Rig Display Drilling,ZDIFF FROM Rig Display Drilling
4860.00,3183.3,38.88,16433,2021/11/15,06:35:54,ZWOB FROM Rig Display Drilling ZDIFF FROM Rig Display Drilling
4870.00,3183.8,39.33,15370,2021/11/15,07:18:16,
4880.00,3184.4,39.20,19303,2021/11/15,07:34:07,PVT: Volume Alarm snooze Started,CHECK C.O.M,PVT: Volume Alarm snooze Expired,ZWOB FROM Rig Display Drilling ZDIFF FROM Rig Display Drilling,ZWOB FROM Rig Display Drilling ZDIFF FROM Rig Display Drilling,RECYCLE PUMPS MWD
4890.00,3185.0,38.62,18944,2021/11/15,08:18:28,
4900.00,3185.6,37.47,18000,2021/11/15,08:36:10,
4910.00,3186.2,36.93,17989,2021/11/15,08:53:11,PVT: Volume Alarm snooze Started,PVT: Volume Alarm snooze Expired,ZWOB FROM Rig Display Drilling ZDIFF FROM Rig Display Drilling
4920.00,3186.9,37.03,15366,2021/11/15,09:44:53,ZWOB FROM Rig Display Drilling ZDIFF FROM Rig Display Drilling
4930.00,3187.5,38.64,15876,2021/11/15,10:25:39,
4940.00,3188.1,38.67,18942,2021/11/15,10:42:03,PVT: Volume Alarm snooze Started,PVT: Volume Alarm snooze Expired,ZWOB FROM Rig Display Drilling ZDIFF FROM Rig Display Drilling,ZWOB FROM Rig Display Drilling,ZDIFF FROM Rig Display Drilling
4950.00,3188.7,38.22,15685,2021/11/15,11:39:55,
4960.00,3189.1,37.69,18898,2021/11/15,11:57:02,
4970.00,3189.5,38.52,18870,2021/11/15,12:12:59,PVT: Volume Alarm snooze Started,PVT: Volume Alarm snooze Expired,ZWOB FROM Rig Display Drilling ZDIFF FROM Rig Display Drilling
4980.00,3189.9,34.67,19598,2021/11/15,12:44:20,
4990.00,3190.3,27.98,18629,2021/11/15,13:11:52,PVT: Volume Alarm snooze Started,PVT: Volume Alarm snooze Expired,ZWOB FROM Rig Display Drilling ZDIFF FROM Rig Display Drilling
5000.00,3190.6,30.45,19023,2021/11/15,13:54:00,PUMP SWEEP,ZWOB FROM Rig Display Drilling ZDIFF FROM Rig Display Drilling
5010.00,3191.0,25.85,16980,2021/11/15,15:31:07,XFER FROM FRAC TO TANK 7,XFER COMPLETE,PVT: Volume Alarm snooze Started,Recalibrated low CUSTOM PARAM #8,PVT: Volume Alarm snooze Expired,Recalibrated high CUSTOM PARAM #8,PVT: Volume Alarm snooze Started,ZWOB FROM Rig Display Drilling,ZDIFF FROM Rig Display Drilling,PVT: Volume Alarm snooze Expired,PVT: Volume Alarm snooze Started,PVT: Volume Alarm snooze Expired,NO FLOW CHECK TOUR CHANGE WELL SHUT IN,COM OK,TIGHT CONNECTION D.P,9.5,9.5,9.5,PVT: Flow 1 high-low alarm has been disabled,PVT: Flow 1 pumps off alarm has been disabled,9.5,TRANSFER FROM FRAC TANK TO TANK 7,TRANSFER COMPLETE,9.5,9.5,9.5,9.5,9.5,TRANSFER FROM FRAC TANK TO TANK 7,9.5,TRANSFER COMPLETE,9.5,PUMP KILL MUD BACK SIDE 30 BBLS,NO FLOW CHECK @ SHOE WELL SHUT IN 9774',9.5,9.5,FIX LEAK ON ST 80,9.5,TRANSFER FROM FRAC TANK TO TANK 7,9.5,TRANSFER COMPLETE,9.5,9.5,9.5,TRANSFER FROM FRAC TANK TO TANK 7,TRANSFER COMPLETE,9.5,9.5 L/D AGGITATOR,9.5,9.5,TRANSFER FROM FRAC TANK TO TANK 7,9.5,TRANSFER COMPLETE,9.5,9.5,9.5,L/D AGGITATOR,PUMP 50 BBLS KILL MUD,FLOW CHECK,NO FLOW,REMOVE ROT HEAD,TRANSFER FROM FRAC TANK TO TANK 7,9.5 TRANSFER FROM FRAC TANK TO TANKS 5 & 6,TRANSFER COMPLETE 9.5,9.5,9.5,9.5,9.5,FLOW CHECK BHA,NO FLOW,L/D BHA,RIG SERVICE,P/UP BHA,Recalibrated low CUSTOM PARAM #8,Recalibrated low CUSTOM PARAM #8,Recalibrated high CUSTOM PARAM #8,Recalibrated high CUSTOM PARAM #8,CHECK C.O.M,FLOW CHECK BEFORE INSTALLING ROTATING HEAD,NO FLOW,BIT DEPTH CHANGED TO 2280.0 FEET,INSTALL ROTATING HEAD,P/U AGITATOR,P/U AGITATOR,Well Control Drill Started: GAIN on (Flow),PVT: Flow 1 high-low alarm has been enabled,PVT: Flow 1 pumps off alarm has been enabled,Well Control Drill Stopped,BOP TRIP DRILL,NO FLOW,Recalibrated low CUSTOM PARAM #8,Recalibrated high CUSTOM PARAM #8,FILL PIPE,SLIP AND CUT DRILL LINE,HOOKLOAD WAS RECALIBRATED,CHECK C.O.M,BIT DEPTH CHANGED TO 9632.3 FEET,ZWOB FROM Rig Display Drilling ZDIFF FROM Rig Display Drilling,PVT: Volume Alarm snooze Started,PVT: Volume Alarm snooze Expired,FILL PIPE,ZWOB FROM Rig Display Drilling ZDIFF FROM Rig Display Drilling,ZWOB FROM Rig Display Drilling ZDIFF FROM Rig Display Drilling,PVT: Volume Alarm snooze Started,PVT: Volume Alarm snooze Expired,PVT: Volume Alarm snooze Started,PVT: Volume Alarm snooze Expired,PVT: Volume Alarm snooze Started,PVT: Volume Alarm snooze Expired,PVT: Volume Alarm snooze Started,PVT: Volume Alarm snooze Expired,PVT: Volume Alarm snooze Started,PVT: Volume Alarm snooze Expired,BIT DEPTH CHANGED TO 14722.0 FEET,PUMP KILL MUD IN BACK SIDE,COM OK,ORIENT TOOL FACE,PUMP TT,ZWOB FROM Rig Display Drilling ZDIFF FROM Rig Display Drilling,ZWOB FROM Rig Display Drilling ZDIFF FROM Rig Display Drilling,Recalibrated low CUSTOM PARAM #8,ST-80 ZEROED,BIT DEPTH CHANGED TO 16415.0 FEET,ZWOB FROM Rig Display Drilling ZDIFF FROM Rig Display Drilling,ZWOB FROM Rig Display Drilling,ZDIFF FROM Rig Display Drilling
5020.00,3191.2,50.84,15529,2021/11/16,20:43:52,ZWOB FROM Rig Display Drilling ZDIFF FROM Rig Display Drilling
5030.00,3191.5,54.88,15724,2021/11/16,21:00:44,
5040.00,3191.7,59.28,17430,2021/11/16,21:11:30,
5050.00,3191.9,54.53,16372,2021/11/16,21:22:46,PUMP KILL MUD BACK SIDE,ZWOB FROM Rig Display Drilling,TRANSFER FROM FRAC TANK TO TANKS 5 & 6,TRANSFER COMPLETE
5060.00,3192.1,53.10,15587,2021/11/16,21:49:13,
5070.00,3192.4,53.63,12526,2021/11/16,22:35:18,
5080.00,3192.8,58.36,17450,2021/11/16,22:46:13,ZWOB FROM Rig Display Drilling ZDIFF FROM Rig Display Drilling
5090.00,3193.2,56.22,15689,2021/11/16,23:09:07,
5100.00,3193.8,53.60,13858,2021/11/16,23:43:45,
5110.00,3194.5,53.60,16956,2021/11/16,23:55:17,ZWOB FROM Rig Display Drilling ZDIFF FROM Rig Display Drilling
5120.00,3195.2,62.03,14549,2021/11/17,00:22:52,
5130.00,3196.0,57.70,14152,2021/11/17,00:52:10,
5140.00,3196.9,59.44,16873,2021/11/17,01:02:39,PVT: Volume Alarm snooze Started,ZWOB FROM Rig Display Drilling ZDIFF FROM Rig Display Drilling,PVT: Volume Alarm snooze Expired
5150.00,3197.8,58.71,15390,2021/11/17,01:20:59,ST-80 ZEROED
5160.00,3198.7,49.73,14893,2021/11/17,01:33:52,
5170.00,3199.6,49.71,14859,2021/11/17,01:46:30,PVT: Volume Alarm snooze Started,ZWOB FROM Rig Display Drilling ZDIFF FROM Rig Display Drilling,PVT: Volume Alarm snooze Expired,ST-80 ZEROED,Recalibrated low CUSTOM PARAM #8,Recalibrated high CUSTOM PARAM #8
5180.00,3200.4,61.90,14971,2021/11/17,02:04:16,
5190.00,3201.2,63.61,17915,2021/11/17,02:14:02,
5200.00,3202.0,63.76,18285,2021/11/17,02:23:49,PVT: Volume Alarm snooze Started,PVT: Volume Alarm snooze Expired,ZWOB FROM Rig Display Drilling ZDIFF FROM Rig Display Drilling
5210.00,3202.7,61.30,15869,2021/11/17,02:42:25,
5220.00,3203.4,59.22,15656,2021/11/17,02:52:52,PVT: Volume Alarm snooze Started,ZWOB FROM Rig Display Drilling,ZDIFF FROM Rig Display Drilling
5230.00,3204.0,59.44,15653,2021/11/17,03:09:11,PVT: Volume Alarm snooze Expired
5240.00,3204.7,81.21,12770,2021/11/17,03:51:40,
5250.00,3205.2,50.89,14007,2021/11/17,04:06:40,RIG SERVICE,PVT: Volume Alarm snooze Started,ZWOB FROM Rig Display Drilling ZDIFF FROM Rig Display Drilling,PVT: Volume Alarm snooze Expired
5260.00,3205.8,52.73,14563,2021/11/17,05:09:23,
5270.00,3206.3,52.70,14857,2021/11/17,05:22:10,
5280.00,3206.7,50.91,15205,2021/11/17,05:34:00,PVT: Volume Alarm snooze Started,ZWOB FROM Rig Display Drilling ZDIFF FROM Rig Display Drilling,IN TALLY: HOLE DEPTH SET TO 17361.9,IN TALLY: HOLE DEPTH SET TO 17361.9,PVT: Volume Alarm snooze Expired
5290.00,3207.1,56.67,15367,2021/11/17,05:52:07,
5300.00,3207.5,63.48,16766,2021/11/17,06:02:12,
5310.00,3207.9,63.79,16814,2021/11/17,06:11:59,PVT: Volume Alarm snooze Started,CHECK C.O.M,PVT: Volume Alarm snooze Expired,ZWOB FROM Rig Display Drilling ZDIFF FROM Rig Display Drilling
5320.00,3208.2,61.42,15190,2021/11/17,06:40:45,
5330.00,3208.6,58.56,15408,2021/11/17,07:08:00,
5340.00,3209.1,59.79,17351,2021/11/17,07:18:49,PVT: Volume Alarm snooze Started,PVT: Volume Alarm snooze Expired,ZWOB FROM Rig Display Drilling ZDIFF FROM Rig Display Drilling
5350.00,3209.5,58.66,15012,2021/11/17,07:52:23,
5360.00,3210.1,60.29,16098,2021/11/17,08:13:34,
5370.00,3210.8,61.88,18130,2021/11/17,08:23:37,PVT: Volume Alarm snooze Started,PVT: Volume Alarm snooze Expired,ZWOB FROM Rig Display Drilling ZDIFF FROM Rig Display Drilling,RECYCLE MUD PUMPS MWD,ZWOB FROM Rig Display Drilling ZDIFF FROM Rig Display Drilling,ZWOB FROM Rig Display Drilling ZDIFF FROM Rig Display Drilling
5380.00,3211.5,58.68,14473,2021/11/17,09:27:08,
5390.00,3212.4,60.27,16589,2021/11/17,09:38:12,
5400.00,3213.3,62.30,17564,2021/11/17,09:48:21,PVT: Volume Alarm snooze Started,ZWOB FROM Rig Display Drilling ZDIFF FROM Rig Display Drilling,PVT: Volume Alarm snooze Expired
5410.00,3214.1,58.18,16298,2021/11/17,10:06:45,
5420.00,3215.0,60.52,17461,2021/11/17,10:16:58,
5430.00,3215.8,62.66,17855,2021/11/17,10:26:55,PVT: Volume Alarm snooze Started,ZWOB FROM Rig Display Drilling ZDIFF FROM Rig Display Drilling,PVT: Volume Alarm snooze Expired
5440.00,3216.6,63.06,16445,2021/11/17,10:51:22,
5450.00,3217.3,61.00,18075,2021/11/17,11:01:15,PVT: Alarms muted,PVT: Volume Alarm snooze Stopped PVT: Alarms unmuted,PVT: Volume Alarm snooze Started,Smart Alarms: On,PVT: Volume Alarm snooze Expired,ZWOB FROM Rig Display Drilling,ZDIFF FROM Rig Display Drilling
5460.00,3217.9,61.35,17711,2021/11/17,11:20:10,
5470.00,3218.5,63.01,18108,2021/11/17,11:30:42,Smart Alarms: Off,ST-80 ZEROED,Recalibrated low CUSTOM PARAM #8,Recalibrated high CUSTOM PARAM #8
5480.00,3219.0,60.97,18949,2021/11/17,11:40:35,Smart Alarms: On,PVT: Volume Alarm snooze Started,PVT: Volume Alarm snooze Expired,ZWOB FROM Rig Display Drilling ZDIFF FROM Rig Display Drilling
5490.00,3219.5,63.03,17493,2021/11/17,12:06:06,ZWOB FROM Rig Display Drilling ZDIFF FROM Rig Display Drilling
5500.00,3220.0,46.66,14479,2021/11/17,12:59:53,
5510.00,3220.6,60.09,18293,2021/11/17,13:10:14,PVT: Volume Alarm snooze Started,PVT: Volume Alarm snooze Expired,ZWOB FROM Rig Display Drilling ZDIFF FROM Rig Display Drilling
5520.00,3221.2,61.95,17678,2021/11/17,13:40:04,Smart Alarms: Off,Smart Alarms: On,ZWOB FROM Rig Display Drilling ZDIFF FROM Rig Display Drilling
5530.00,3221.9,60.80,17059,2021/11/17,14:22:35,
5540.00,3222.6,62.66,18340,2021/11/17,14:32:32,PVT: Volume Alarm snooze Started,PVT: Volume Alarm snooze Expired,ZWOB FROM Rig Display Drilling ZDIFF FROM Rig Display Drilling,ZWOB FROM Rig Display Drilling ZDIFF FROM Rig Display Drilling,ZWOB FROM Rig Display Drilling ZDIFF FROM Rig Display Drilling
5550.00,3223.4,60.22,17967,2021/11/17,15:06:06,ZWOB FROM Rig Display Drilling ZDIFF FROM Rig Display Drilling
5560.00,3224.1,55.16,15848,2021/11/17,16:04:32,
5570.00,3224.8,56.49,17695,2021/11/17,16:15:43,RIG SERVICE,ZWOB FROM Rig Display Drilling ZDIFF FROM Rig Display Drilling
5580.00,3225.6,54.44,17562,2021/11/17,17:06:51,
5590.00,3226.2,55.54,17683,2021/11/17,17:18:17,
5600.00,3226.8,51.79,17775,2021/11/17,17:30:20,PVT: Volume Alarm snooze Started,PVT: Volume Alarm snooze Expired,ZWOB FROM Rig Display Drilling ZDIFF FROM Rig Display Drilling
5610.00,3227.4,52.75,17950,2021/11/17,17:50:55,
5620.00,3227.9,54.09,18423,2021/11/17,18:02:24,
5630.00,3228.4,57.63,18457,2021/11/17,18:13:35,COM OK
5640.00,3229.0,51.62,15188,2021/11/17,18:54:22,ZWOB FROM Rig Display Drilling ZDIFF FROM Rig Display Drilling
5650.00,3229.4,57.65,17233,2021/11/17,19:22:11,
5660.00,3229.8,59.46,18736,2021/11/17,19:32:39,ZWOB FROM Rig Display Drilling ZDIFF FROM Rig Display Drilling,ZDIFF FROM Rig Display Drilling
5670.00,3230.3,59.14,18157,2021/11/17,19:49:27,ZDIFF FROM Rig Display Drilling
5680.00,3230.7,59.16,18625,2021/11/17,20:08:23,PVT: Volume Alarm snooze Started,PVT: Volume Alarm snooze Expired,ZWOB FROM Rig Display Drilling ZDIFF FROM Rig Display Drilling,ZDIFF FROM Rig Display Drilling
5690.00,3231.0,60.99,19711,2021/11/17,20:34:07,RELOG,HOLE DEPTH CHANGED TO 18689.0 FEET,ZWOB FROM Rig Display Drilling WHILE ON BOTTOM ZDIFF FROM Rig Display Drilling WHILE ON BOTTOM
5700.00,3231.4,61.27,14830,2021/11/17,21:36:30,
5710.00,3231.9,61.49,19693,2021/11/17,21:46:17,PVT: Volume Alarm snooze Started,ZWOB FROM Rig Display Drilling ZDIFF FROM Rig Display Drilling,ZDIFF FROM Rig Display Drilling,PVT: Volume Alarm snooze Expired
5720.00,3232.3,63.64,19219,2021/11/17,22:01:54,
5730.00,3232.8,63.48,18437,2021/11/17,22:19:14,
5740.00,3233.4,64.34,19130,2021/11/17,22:28:42,PVT: Volume Alarm snooze Started,WAIT ON SURVEY,PVT: Volume Alarm snooze Expired
5750.00,3234.0,67.38,18219,2021/11/17,22:54:27,RELOG,HOLE DEPTH CHANGED TO 18878.0 FEET
5760.00,3234.6,61.51,16213,2021/11/17,23:37:06,
5770.00,3235.4,63.78,19982,2021/11/17,23:46:53,PVT: Volume Alarm snooze Started,ZWOB FROM Rig Display Drilling ZDIFF FROM Rig Display Drilling,PVT: Volume Alarm snooze Expired
5780.00,3236.1,61.42,19194,2021/11/18,00:11:29,
5790.00,3236.8,48.42,18419,2021/11/18,00:24:26,TRANSFER FROM TANKS 1-4 TO THE FRAC TANK
5800.00,3237.3,49.03,17175,2021/11/18,00:37:20,PVT: Volume Alarm snooze Started,PVT: Volume Alarm snooze Expired,ZWOB FROM Rig Display Drilling ZDIFF FROM Rig Display Drilling
5810.00,3237.9,56.72,18103,2021/11/18,00:57:55,PUMP KILL MUD BACK SIDE
5820.00,3238.5,61.52,18285,2021/11/18,01:08:03,
5830.00,3239.2,63.81,18284,2021/11/18,01:17:49,PVT: Volume Alarm snooze Started,PVT: Volume Alarm snooze Expired,HOLE DEPTH CHANGED TO 19153.0 FEET,ZWOB FROM Rig Display Drilling WHILE ON BOTTOM ZDIFF FROM Rig Display Drilling WHILE ON BOTTOM
5840.00,3239.8,61.82,13972,2021/11/18,02:09:08,
5850.00,3240.5,63.59,18473,2021/11/18,02:18:53,
5860.00,3241.2,63.84,19432,2021/11/18,02:28:40,PVT: Volume Alarm snooze Started,ZWOB FROM Rig Display Drilling ZDIFF FROM Rig Display Drilling,PVT: Volume Alarm snooze Expired,IN TALLY: HOLE DEPTH SET TO 19246.8
5870.00,3242.0,62.20,19766,2021/11/18,02:47:11,
5880.00,3242.0,63.51,19461,2021/11/18,02:56:57,
5890.00,-999.25,63.78,19201,2021/11/18,03:06:59,PVT: Volume Alarm snooze Started,PVT: Volume Alarm snooze Expired,ZWOB FROM Rig Display Drilling ZDIFF FROM Rig Display Drilling,IN TALLY: HOLE DEPTH SET TO 19341.3,IN TALLY: HOLE DEPTH SET TO 19341.3,YEA TD,CIRCULATE,PERFORM EVACUATION DRILL,TRANSFER FROM FRAC TANK TO TANK 7,TRANSFER COMPLETE,NO FLOW CHECK AT TOUR CHANGE DUE TO WELL SHUT IN,PVT: Volume Alarm snooze Started,PVT: Volume Alarm snooze Expired,PVT: Volume Alarm snooze Started,PVT: Volume Alarm snooze Expired,PVT: Volume Alarm snooze Started,PVT: Volume Alarm snooze Expired,PVT: Volume Alarm snooze Started,PVT: Volume Alarm snooze Expired,PVT: Volume Alarm snooze Started,PVT: Volume Alarm snooze Expired,PVT: Volume Alarm snooze Started,PVT: Volume Alarm snooze Expired,PVT: Volume Alarm snooze Started,PVT: Volume Alarm snooze Expired,PVT: Volume Alarm snooze Started,PVT: Volume Alarm snooze Expired,PVT: Volume Alarm snooze Started,PVT: Volume Alarm snooze Expired,PVT: Volume Alarm snooze Started,PVT: Volume Alarm snooze Expired,PVT: Volume Alarm snooze Started,CHECK C.O.M,PVT: Volume Alarm snooze Expired,PVT: Volume Alarm snooze Started,PVT: Volume Alarm snooze Expired,PVT: Volume Alarm snooze Started,PVT: Volume Alarm snooze Expired,PVT: Volume Alarm snooze Started,PVT: Volume Alarm snooze Expired,PVT: Volume Alarm snooze Started,PVT: Volume Alarm snooze Expired,PVT: Volume Alarm snooze Started,PVT: Volume Alarm snooze Expired,PVT: Alarms muted,PVT: Volume Alarm snooze Stopped,PVT: Alarms unmuted,PVT: Volume Alarm snooze Started,PVT: Volume Alarm snooze Expired,PVT: Volume Alarm snooze Started,PVT: Volume Alarm snooze Expired,PVT: Volume Alarm snooze Started,PVT: Volume Alarm snooze Expired,PVT: Volume Alarm snooze Started,PVT: Volume Alarm snooze Expired,PVT: Volume Alarm snooze Started,PVT: Volume Alarm snooze Expired,PVT: Volume Alarm snooze Started,PVT: Volume Alarm snooze Expired,PVT: Volume Alarm snooze Started,PVT: Volume Alarm snooze Expired,PVT: Volume Alarm snooze Started,PVT: Volume Alarm snooze Expired,PVT: Volume Alarm snooze Started,PVT: Volume Alarm snooze Expired,PVT: Volume Alarm snooze Started,PVT: Volume Alarm snooze Expired,PVT: Volume Alarm snooze Started,PVT: Volume Alarm snooze Expired,PVT: Volume Alarm snooze Started,PVT: Volume Alarm snooze Expired,PVT: Volume Alarm snooze Started,PVT: Volume Alarm snooze Expired,PVT: Volume Alarm snooze Started,PVT: Volume Alarm snooze Expired,PVT: Volume Alarm snooze Started,PVT: Volume Alarm snooze Expired,PVT: Volume Alarm snooze Started,PVT: Volume Alarm snooze Expired,PVT: Volume Alarm snooze Started,PVT: Volume Alarm snooze Expired,PVT: Volume Alarm snooze Started,PVT: Volume Alarm snooze Expired,PVT: Volume Alarm snooze Started,PVT: Volume Alarm snooze Expired,PVT: Volume Alarm snooze Started,PVT: Volume Alarm snooze Expired,PVT: Volume Alarm snooze Started,PVT: Volume Alarm snooze Expired,PVT: Volume Alarm snooze Started,PVT: Volume Alarm snooze Expired,PVT: Volume Alarm snooze Started,PVT: Volume Alarm snooze Expired,PVT: Volume Alarm snooze Started,PVT: Volume Alarm snooze Expired,PVT: Volume Alarm snooze Started,PVT: Volume Alarm snooze Expired,PVT: Volume Alarm snooze Started,PVT: Volume Alarm snooze Expired,PVT: Volume Alarm snooze Started,PVT: Volume Alarm snooze Expired,PVT: Flow 1 high-low alarm has been disabled,PVT: Flow 1 pumps off alarm has been disabled,9.5,9.5,9.5,9.5,9.5,XFER FROM FRAC TO TANK 7,9.5,XFER FROM FRAC TO TANK 5&6,Smart Alarms: Gain,Smart Alarms: ACK,9.5,9.5,9.5,9.5,9.5,PUMP 30.0 BBLS KILL MUD 17.0 PPG,Smart Alarms: Loss,Smart Alarms: ACK,XFER FROM FRAC TO TANK 7,RIG SERVICE,9.5,Well Control Drill Started: GAIN on (Flow),PERFORM BOP TRIP DRILL,FLOW CHECK,Well Control Drill Stopped,NO FLOW,PVT: Flow 1 high-low alarm has been enabled,PVT: Flow 1 pumps off alarm has been enabled,9.5,NO FLOW CHECK AT TOUR CHANGE DUE TO WELL SHUT IN,9.5,9.5,TRANSFER FROM FRAC TANK TO TANK 7,TRANSFER COMPLETE,9.5,9.5,Well Control Drill Started: GAIN on (Flow),PERFORM TRIP DRILL,FLOW CHECK,Well Control Drill Stopped,NO FLOW,9.5,TRANSFER FROM FRAC TANK TO TANK 7,9.5 TRANSFER COMPLETE,L/D AGGITATOR,9.5,9.5,TRANSFER FROM FRAC TANK TO TANK 7,TRANSFER COMPLETE,9.5,9.5,9.5,TRIP IN HOLE,FILL PIPE,TRANSFER FROM FRAC TANK TO TANK 7,TRANSFER COMPLETE,L/D PIPE,9.5,9.5,9.5,9.5,9.5,TRANSFER FROM FRAC TANK TO TANK 7,9.5,9.5,9.5,9.5,9.6,NO FLOW CHECK AT TOUR CHANGE WELL SHUT IN,9.5,SERVICE ST-80,9.5,XFER FROM FRAC TO TANK 7,9.5,XFER FROM FRAC TO TANKS 5&6,Smart Alarms: Gain,Smart Alarms: ACK,XFER COMPLETE,9.5,CHECK C.O.M,FILL PIPE,9.5,9.5,9.5,9.5,XFER FROM FRAC TO TANK 7,9.5,9.5,9.5,L/D AGITATOR,PUMP 80 BBLS OF 17.0 PPG KILL MUD,Smart Alarms: Loss,Smart Alarms: ACK,PERFORM SEVERE WEATHER DRILL,9.5,XFER FROM FRAC TO TANK 7,XFER FROM FRAC TO TANKS 5&6,Smart Alarms: Gain,Smart Alarms: ACK,9.5,XFER COMPLETE,9.5,9.5,FLOW CHECK BEFORE REMOVING ROTATING HEAD,NO FLOW,REMOVE ROTATING HEAD,XFER FROM FRAC TO TANK 7,9.5,XFER COMPLETE,L/D REAMER,6.0,FLOW CHECK AT BHA,NO FLOW,L/D BHA,TEST TOP DOOR SEALS,GOOD TEST BLEED OFF PRESSURE ON TRIP TAN,RIGGING UP CASING TOOLS,Smart Alarms: Loss,Smart Alarms: ACK,ZWOB FROM Rig Display Drilling ZDIFF FROM Rig Display Drilling,BIT DEPTH CHANGED TO 0.0 FEET,PERFORM SEVERE WEATHER DRILL,HOOKLOAD WAS RECALIBRATED,BIT DEPTH CHANGED TO 916.0 FEET,FLOW CHECK,NO FLOW,INTALL ROT HEAD,FILL PIPE,BIT DEPTH CHANGED TO 4363.0 FEET,NO FLOW CHECK AT TOUR CHANGE WELL SHUT IN,FILL PIPE,PERFORM NATURAL GAS DRILL,"CHANGE OUT CASING EQUIPMENT F/ 5"" T/ 5.5",HOOKLOAD WAS RECALIBRATED.,BIT DEPTH CHANGED TO 14805.8 FEET,C.O.M. CHECK,ZDIFF FROM Rig Display Drilling,NO FLOW CHECK TOUR CHANGE WELL SHUT IN,FLOW CHECK,NO FLOW,REMOVE ROT HEAD
5900.00,-999.25,105.42,18325,2021/11/20,19:58:16,BIT DEPTH CHANGED TO 19353.0 FEET,Smart Alarms: Gain,Smart Alarms: ACK,PUMP 2 DISPLACEMENT RECALIBRATED,PUMP 3 DISPLACEMENT RECALIBRATED,PERFORM NATURAL GAS DRILL @ 22:50,PUMP KILL MUD BACK SIDE,Smart Alarms: Loss,Smart Alarms: ACK,TRANSFER TANK 7 TO FRAC TANK,TRANSFER TANKS 5 & 6 TO TANK 7,Smart Alarms: Loss,Smart Alarms: ACK,TRANSFER FROM FRAC TANK TO TANK 7,TRANSFER COMPLETE,Smart Alarms: Loss,Smart Alarms: ACK,Smart Alarms: Gain,Smart Alarms: ACK,Smart Alarms: Loss,Smart Alarms: ACK,FLOW CHECK WELL,NO FLOW,XFER FROM TANK 7 TO FRAC,PVT: Volume Alarm snooze Stopped,PVT: Alarms muted,Smart Alarms: Gain,Smart Alarms: Loss,Smart Alarms: ACK,Smart Alarms: Gain,Smart Alarms: Loss,Smart Alarms: Gain,Smart Alarms: Loss,Smart Alarms: Off

